"ITTER107","Territorio","TIPO_DATO_FOL","Tipo dato","SEXISTAT1","Sesso","ETA1","Classe di età","TIME","Seleziona periodo",Value,"Flag Codes","Flags"
"IT","Italia","UNEMP","persone in cerca di occupazione 15 anni e oltre (migliaia)","9","totale","Y15-74","15-74 anni","2004","2004",1954.178,,
"IT","Italia","UNEMP","persone in cerca di occupazione 15 anni e oltre (migliaia)","9","totale","Y15-74","15-74 anni","2004-Q2","T2-2004",1921.755,,
"IT","Italia","UNEMP","persone in cerca di occupazione 15 anni e oltre (migliaia)","9","totale","Y15-74","15-74 anni","2004-Q1","T1-2004",2102.969,,
"IT","Italia","UNEMP","persone in cerca di occupazione 15 anni e oltre (migliaia)","9","totale","Y15-74","15-74 anni","2004-Q4","T4-2004",2009.147,,
"IT","Italia","UNEMP","persone in cerca di occupazione 15 anni e oltre (migliaia)","9","totale","Y15-74","15-74 anni","2004-Q3","T3-2004",1782.842,,
"IT","Italia","UNEMP","persone in cerca di occupazione 15 anni e oltre (migliaia)","9","totale","Y15-74","15-74 anni","2005","2005",1886.315,,
"IT","Italia","UNEMP","persone in cerca di occupazione 15 anni e oltre (migliaia)","9","totale","Y15-74","15-74 anni","2005-Q1","T1-2005",2011.251,,
"IT","Italia","UNEMP","persone in cerca di occupazione 15 anni e oltre (migliaia)","9","totale","Y15-74","15-74 anni","2005-Q2","T2-2005",1836.694,,
"IT","Italia","UNEMP","persone in cerca di occupazione 15 anni e oltre (migliaia)","9","totale","Y15-74","15-74 anni","2005-Q4","T4-2005",1977.393,,
"IT","Italia","UNEMP","persone in cerca di occupazione 15 anni e oltre (migliaia)","9","totale","Y15-74","15-74 anni","2005-Q3","T3-2005",1719.922,,
"IT","Italia","UNEMP","persone in cerca di occupazione 15 anni e oltre (migliaia)","9","totale","Y15-74","15-74 anni","2006","2006",1664.018,,
"IT","Italia","UNEMP","persone in cerca di occupazione 15 anni e oltre (migliaia)","9","totale","Y15-74","15-74 anni","2006-Q2","T2-2006",1614.063,,
"IT","Italia","UNEMP","persone in cerca di occupazione 15 anni e oltre (migliaia)","9","totale","Y15-74","15-74 anni","2006-Q1","T1-2006",1861.462,,
"IT","Italia","UNEMP","persone in cerca di occupazione 15 anni e oltre (migliaia)","9","totale","Y15-74","15-74 anni","2006-Q4","T4-2006",1698.013,,
"IT","Italia","UNEMP","persone in cerca di occupazione 15 anni e oltre (migliaia)","9","totale","Y15-74","15-74 anni","2006-Q3","T3-2006",1482.535,,
"IT","Italia","UNEMP","persone in cerca di occupazione 15 anni e oltre (migliaia)","9","totale","Y15-74","15-74 anni","2007","2007",1488.661,,
"IT","Italia","UNEMP","persone in cerca di occupazione 15 anni e oltre (migliaia)","9","totale","Y15-74","15-74 anni","2007-Q1","T1-2007",1537.774,,
"IT","Italia","UNEMP","persone in cerca di occupazione 15 anni e oltre (migliaia)","9","totale","Y15-74","15-74 anni","2007-Q2","T2-2007",1396.778,,
"IT","Italia","UNEMP","persone in cerca di occupazione 15 anni e oltre (migliaia)","9","totale","Y15-74","15-74 anni","2007-Q4","T4-2007",1630.353,,
"IT","Italia","UNEMP","persone in cerca di occupazione 15 anni e oltre (migliaia)","9","totale","Y15-74","15-74 anni","2007-Q3","T3-2007",1389.74,,
"IT","Italia","UNEMP","persone in cerca di occupazione 15 anni e oltre (migliaia)","9","totale","Y15-74","15-74 anni","2008","2008",1671.13,,
"IT","Italia","UNEMP","persone in cerca di occupazione 15 anni e oltre (migliaia)","9","totale","Y15-74","15-74 anni","2008-Q2","T2-2008",1689.468,,
"IT","Italia","UNEMP","persone in cerca di occupazione 15 anni e oltre (migliaia)","9","totale","Y15-74","15-74 anni","2008-Q1","T1-2008",1738.028,,
"IT","Italia","UNEMP","persone in cerca di occupazione 15 anni e oltre (migliaia)","9","totale","Y15-74","15-74 anni","2008-Q4","T4-2008",1750.177,,
"IT","Italia","UNEMP","persone in cerca di occupazione 15 anni e oltre (migliaia)","9","totale","Y15-74","15-74 anni","2008-Q3","T3-2008",1506.849,,
"IT","Italia","UNEMP","persone in cerca di occupazione 15 anni e oltre (migliaia)","9","totale","Y15-74","15-74 anni","2009","2009",1921.202,,
"IT","Italia","UNEMP","persone in cerca di occupazione 15 anni e oltre (migliaia)","9","totale","Y15-74","15-74 anni","2009-Q1","T1-2009",1954.785,,
"IT","Italia","UNEMP","persone in cerca di occupazione 15 anni e oltre (migliaia)","9","totale","Y15-74","15-74 anni","2009-Q2","T2-2009",1818.755,,
"IT","Italia","UNEMP","persone in cerca di occupazione 15 anni e oltre (migliaia)","9","totale","Y15-74","15-74 anni","2009-Q4","T4-2009",2120.163,,
"IT","Italia","UNEMP","persone in cerca di occupazione 15 anni e oltre (migliaia)","9","totale","Y15-74","15-74 anni","2009-Q3","T3-2009",1791.104,,
"IT","Italia","UNEMP","persone in cerca di occupazione 15 anni e oltre (migliaia)","9","totale","Y15-74","15-74 anni","2010","2010",2078.104,,
"IT","Italia","UNEMP","persone in cerca di occupazione 15 anni e oltre (migliaia)","9","totale","Y15-74","15-74 anni","2010-Q2","T2-2010",2072.65,,
"IT","Italia","UNEMP","persone in cerca di occupazione 15 anni e oltre (migliaia)","9","totale","Y15-74","15-74 anni","2010-Q1","T1-2010",2245.421,,
"IT","Italia","UNEMP","persone in cerca di occupazione 15 anni e oltre (migliaia)","9","totale","Y15-74","15-74 anni","2010-Q4","T4-2010",2150.005,,
"IT","Italia","UNEMP","persone in cerca di occupazione 15 anni e oltre (migliaia)","9","totale","Y15-74","15-74 anni","2010-Q3","T3-2010",1844.342,,
"IT","Italia","UNEMP","persone in cerca di occupazione 15 anni e oltre (migliaia)","9","totale","Y15-74","15-74 anni","2011","2011",2086.38,,
"IT","Italia","UNEMP","persone in cerca di occupazione 15 anni e oltre (migliaia)","9","totale","Y15-74","15-74 anni","2011-Q1","T1-2011",2132.373,,
"IT","Italia","UNEMP","persone in cerca di occupazione 15 anni e oltre (migliaia)","9","totale","Y15-74","15-74 anni","2011-Q2","T2-2011",1924.815,,
"IT","Italia","UNEMP","persone in cerca di occupazione 15 anni e oltre (migliaia)","9","totale","Y15-74","15-74 anni","2011-Q4","T4-2011",2407.156,,
"IT","Italia","UNEMP","persone in cerca di occupazione 15 anni e oltre (migliaia)","9","totale","Y15-74","15-74 anni","2011-Q3","T3-2011",1881.175,,
"IT","Italia","UNEMP","persone in cerca di occupazione 15 anni e oltre (migliaia)","9","totale","Y15-74","15-74 anni","2012","2012",2718.538,,
"IT","Italia","UNEMP","persone in cerca di occupazione 15 anni e oltre (migliaia)","9","totale","Y15-74","15-74 anni","2012-Q2","T2-2012",2682.541,,
"IT","Italia","UNEMP","persone in cerca di occupazione 15 anni e oltre (migliaia)","9","totale","Y15-74","15-74 anni","2012-Q1","T1-2012",2757.685,,
"IT","Italia","UNEMP","persone in cerca di occupazione 15 anni e oltre (migliaia)","9","totale","Y15-74","15-74 anni","2012-Q4","T4-2012",2973.884,,
"IT","Italia","UNEMP","persone in cerca di occupazione 15 anni e oltre (migliaia)","9","totale","Y15-74","15-74 anni","2012-Q3","T3-2012",2460.041,,
"IT","Italia","UNEMP","persone in cerca di occupazione 15 anni e oltre (migliaia)","9","totale","Y15-74","15-74 anni","2013","2013",3078.091,,
"IT","Italia","UNEMP","persone in cerca di occupazione 15 anni e oltre (migliaia)","9","totale","Y15-74","15-74 anni","2013-Q1","T1-2013",3242.177,,
"IT","Italia","UNEMP","persone in cerca di occupazione 15 anni e oltre (migliaia)","9","totale","Y15-74","15-74 anni","2013-Q2","T2-2013",3044.444,,
"IT","Italia","UNEMP","persone in cerca di occupazione 15 anni e oltre (migliaia)","9","totale","Y15-74","15-74 anni","2013-Q4","T4-2013",3211.474,,
"IT","Italia","UNEMP","persone in cerca di occupazione 15 anni e oltre (migliaia)","9","totale","Y15-74","15-74 anni","2013-Q3","T3-2013",2814.27,,
"IT","Italia","UNEMP","persone in cerca di occupazione 15 anni e oltre (migliaia)","9","totale","Y15-74","15-74 anni","2014","2014",3222.661,,
"IT","Italia","UNEMP","persone in cerca di occupazione 15 anni e oltre (migliaia)","9","totale","Y15-74","15-74 anni","2014-Q2","T2-2014",3092.575,,
"IT","Italia","UNEMP","persone in cerca di occupazione 15 anni e oltre (migliaia)","9","totale","Y15-74","15-74 anni","2014-Q1","T1-2014",3441.022,,
"IT","Italia","UNEMP","persone in cerca di occupazione 15 anni e oltre (migliaia)","9","totale","Y15-74","15-74 anni","2014-Q4","T4-2014",3397.039,,
"IT","Italia","UNEMP","persone in cerca di occupazione 15 anni e oltre (migliaia)","9","totale","Y15-74","15-74 anni","2014-Q3","T3-2014",2960.009,,
"IT","Italia","UNEMP","persone in cerca di occupazione 15 anni e oltre (migliaia)","9","totale","Y15-74","15-74 anni","2015","2015",3008.663,,
"IT","Italia","UNEMP","persone in cerca di occupazione 15 anni e oltre (migliaia)","9","totale","Y15-74","15-74 anni","2015-Q1","T1-2015",3282.246,,
"IT","Italia","UNEMP","persone in cerca di occupazione 15 anni e oltre (migliaia)","9","totale","Y15-74","15-74 anni","2015-Q2","T2-2015",3077.94,,
"IT","Italia","UNEMP","persone in cerca di occupazione 15 anni e oltre (migliaia)","9","totale","Y15-74","15-74 anni","2015-Q4","T4-2015",3025.185,,
"IT","Italia","UNEMP","persone in cerca di occupazione 15 anni e oltre (migliaia)","9","totale","Y15-74","15-74 anni","2015-Q3","T3-2015",2649.28,,
"IT","Italia","UNEMP","persone in cerca di occupazione 15 anni e oltre (migliaia)","9","totale","Y15-74","15-74 anni","2016","2016",2978.04,,
"IT","Italia","UNEMP","persone in cerca di occupazione 15 anni e oltre (migliaia)","9","totale","Y15-74","15-74 anni","2016-Q2","T2-2016",2959.767,,
"IT","Italia","UNEMP","persone in cerca di occupazione 15 anni e oltre (migliaia)","9","totale","Y15-74","15-74 anni","2016-Q1","T1-2016",3051.407,,
"IT","Italia","UNEMP","persone in cerca di occupazione 15 anni e oltre (migliaia)","9","totale","Y15-74","15-74 anni","2016-Q4","T4-2016",3126.305,,
"IT","Italia","UNEMP","persone in cerca di occupazione 15 anni e oltre (migliaia)","9","totale","Y15-74","15-74 anni","2016-Q3","T3-2016",2774.679,,
"IT","Italia","UNEMP","persone in cerca di occupazione 15 anni e oltre (migliaia)","9","totale","Y15-74","15-74 anni","2017","2017",2873.083,,
"IT","Italia","UNEMP","persone in cerca di occupazione 15 anni e oltre (migliaia)","9","totale","Y15-74","15-74 anni","2017-Q1","T1-2017",3104.71,,
"IT","Italia","UNEMP","persone in cerca di occupazione 15 anni e oltre (migliaia)","9","totale","Y15-74","15-74 anni","2017-Q2","T2-2017",2805.567,,
"IT","Italia","UNEMP","persone in cerca di occupazione 15 anni e oltre (migliaia)","9","totale","Y15-74","15-74 anni","2017-Q4","T4-2017",2877.812,,
"IT","Italia","UNEMP","persone in cerca di occupazione 15 anni e oltre (migliaia)","9","totale","Y15-74","15-74 anni","2017-Q3","T3-2017",2704.242,,
"IT","Italia","UNEMP","persone in cerca di occupazione 15 anni e oltre (migliaia)","9","totale","Y15-74","15-74 anni","2018","2018",2709.377,,
"IT","Italia","UNEMP","persone in cerca di occupazione 15 anni e oltre (migliaia)","9","totale","Y15-74","15-74 anni","2018-Q2","T2-2018",2763.295,,
"IT","Italia","UNEMP","persone in cerca di occupazione 15 anni e oltre (migliaia)","9","totale","Y15-74","15-74 anni","2018-Q1","T1-2018",2947.485,,
"IT","Italia","UNEMP","persone in cerca di occupazione 15 anni e oltre (migliaia)","9","totale","Y15-74","15-74 anni","2018-Q4","T4-2018",2767.324,,
"IT","Italia","UNEMP","persone in cerca di occupazione 15 anni e oltre (migliaia)","9","totale","Y15-74","15-74 anni","2018-Q3","T3-2018",2359.403,,
"IT","Italia","UNEMP","persone in cerca di occupazione 15 anni e oltre (migliaia)","9","totale","Y15-74","15-74 anni","2019","2019",2540.002,,
"IT","Italia","UNEMP","persone in cerca di occupazione 15 anni e oltre (migliaia)","9","totale","Y15-74","15-74 anni","2019-Q1","T1-2019",2822.971,,
"IT","Italia","UNEMP","persone in cerca di occupazione 15 anni e oltre (migliaia)","9","totale","Y15-74","15-74 anni","2019-Q2","T2-2019",2499.823,,
"IT","Italia","UNEMP","persone in cerca di occupazione 15 anni e oltre (migliaia)","9","totale","Y15-74","15-74 anni","2019-Q4","T4-2019",2527.781,,
"IT","Italia","UNEMP","persone in cerca di occupazione 15 anni e oltre (migliaia)","9","totale","Y15-74","15-74 anni","2019-Q3","T3-2019",2309.434,,
"IT","Italia","UNEMP","persone in cerca di occupazione 15 anni e oltre (migliaia)","9","totale","Y15-74","15-74 anni","2020","2020",2300.886,,
"IT","Italia","UNEMP","persone in cerca di occupazione 15 anni e oltre (migliaia)","9","totale","Y15-74","15-74 anni","2020-Q2","T2-2020",1874.077,,
"IT","Italia","UNEMP","persone in cerca di occupazione 15 anni e oltre (migliaia)","9","totale","Y15-74","15-74 anni","2020-Q1","T1-2020",2375.118,,
"IT","Italia","UNEMP","persone in cerca di occupazione 15 anni e oltre (migliaia)","9","totale","Y15-74","15-74 anni","2020-Q3","T3-2020",2544.683,,
"IT","Italia","UNEMP","persone in cerca di occupazione 15 anni e oltre (migliaia)","9","totale","Y15-74","15-74 anni","2020-Q4","T4-2020",2409.667,,
"IT","Italia","UNEMP","persone in cerca di occupazione 15 anni e oltre (migliaia)","9","totale","Y15-74","15-74 anni","2021","2021",2366.806,,
"IT","Italia","UNEMP","persone in cerca di occupazione 15 anni e oltre (migliaia)","9","totale","Y15-74","15-74 anni","2022","2022",2027.489,,
"IT","Italia","UNEMP","persone in cerca di occupazione 15 anni e oltre (migliaia)","9","totale","Y15-74","15-74 anni","2023","2023",1946.869,,
"IT","Italia","UNEMP","persone in cerca di occupazione 15 anni e oltre (migliaia)","9","totale","Y15-74","15-74 anni","2021-Q1","T1-2021",2588.831,,
"IT","Italia","UNEMP","persone in cerca di occupazione 15 anni e oltre (migliaia)","9","totale","Y15-74","15-74 anni","2021-Q2","T2-2021",2387.633,,
"IT","Italia","UNEMP","persone in cerca di occupazione 15 anni e oltre (migliaia)","9","totale","Y15-74","15-74 anni","2021-Q3","T3-2021",2210.953,,
"IT","Italia","UNEMP","persone in cerca di occupazione 15 anni e oltre (migliaia)","9","totale","Y15-74","15-74 anni","2021-Q4","T4-2021",2279.805,,
"IT","Italia","UNEMP","persone in cerca di occupazione 15 anni e oltre (migliaia)","9","totale","Y15-74","15-74 anni","2022-Q1","T1-2022",2173.885,,
"IT","Italia","UNEMP","persone in cerca di occupazione 15 anni e oltre (migliaia)","9","totale","Y15-74","15-74 anni","2022-Q2","T2-2022",2005.906,,
"IT","Italia","UNEMP","persone in cerca di occupazione 15 anni e oltre (migliaia)","9","totale","Y15-74","15-74 anni","2022-Q3","T3-2022",1926.794,,
"IT","Italia","UNEMP","persone in cerca di occupazione 15 anni e oltre (migliaia)","9","totale","Y15-74","15-74 anni","2022-Q4","T4-2022",2003.37,,
"IT","Italia","UNEMP","persone in cerca di occupazione 15 anni e oltre (migliaia)","9","totale","Y15-74","15-74 anni","2023-Q1","T1-2023",2097.496,,
"IT","Italia","UNEMP","persone in cerca di occupazione 15 anni e oltre (migliaia)","9","totale","Y15-74","15-74 anni","2023-Q2","T2-2023",1904.696,,
"IT","Italia","UNEMP","persone in cerca di occupazione 15 anni e oltre (migliaia)","9","totale","Y15-74","15-74 anni","2023-Q3","T3-2023",1846.895,,
"IT","Italia","UNEMP","persone in cerca di occupazione 15 anni e oltre (migliaia)","9","totale","Y15-74","15-74 anni","2023-Q4","T4-2023",1938.388,,
"ITC","Nord-ovest","UNEMP","persone in cerca di occupazione 15 anni e oltre (migliaia)","9","totale","Y15-74","15-74 anni","2004","2004",317.498,,
"ITC","Nord-ovest","UNEMP","persone in cerca di occupazione 15 anni e oltre (migliaia)","9","totale","Y15-74","15-74 anni","2004-Q2","T2-2004",301.916,,
"ITC","Nord-ovest","UNEMP","persone in cerca di occupazione 15 anni e oltre (migliaia)","9","totale","Y15-74","15-74 anni","2004-Q1","T1-2004",323.418,,
"ITC","Nord-ovest","UNEMP","persone in cerca di occupazione 15 anni e oltre (migliaia)","9","totale","Y15-74","15-74 anni","2004-Q4","T4-2004",331.116,,
"ITC","Nord-ovest","UNEMP","persone in cerca di occupazione 15 anni e oltre (migliaia)","9","totale","Y15-74","15-74 anni","2004-Q3","T3-2004",313.544,,
"ITC","Nord-ovest","UNEMP","persone in cerca di occupazione 15 anni e oltre (migliaia)","9","totale","Y15-74","15-74 anni","2005","2005",308.626,,
"ITC","Nord-ovest","UNEMP","persone in cerca di occupazione 15 anni e oltre (migliaia)","9","totale","Y15-74","15-74 anni","2005-Q1","T1-2005",315.768,,
"ITC","Nord-ovest","UNEMP","persone in cerca di occupazione 15 anni e oltre (migliaia)","9","totale","Y15-74","15-74 anni","2005-Q2","T2-2005",296.512,,
"ITC","Nord-ovest","UNEMP","persone in cerca di occupazione 15 anni e oltre (migliaia)","9","totale","Y15-74","15-74 anni","2005-Q4","T4-2005",341.904,,
"ITC","Nord-ovest","UNEMP","persone in cerca di occupazione 15 anni e oltre (migliaia)","9","totale","Y15-74","15-74 anni","2005-Q3","T3-2005",280.32,,
"ITC","Nord-ovest","UNEMP","persone in cerca di occupazione 15 anni e oltre (migliaia)","9","totale","Y15-74","15-74 anni","2006","2006",274.45,,
"ITC","Nord-ovest","UNEMP","persone in cerca di occupazione 15 anni e oltre (migliaia)","9","totale","Y15-74","15-74 anni","2006-Q2","T2-2006",249.197,,
"ITC","Nord-ovest","UNEMP","persone in cerca di occupazione 15 anni e oltre (migliaia)","9","totale","Y15-74","15-74 anni","2006-Q1","T1-2006",306.239,,
"ITC","Nord-ovest","UNEMP","persone in cerca di occupazione 15 anni e oltre (migliaia)","9","totale","Y15-74","15-74 anni","2006-Q4","T4-2006",298.795,,
"ITC","Nord-ovest","UNEMP","persone in cerca di occupazione 15 anni e oltre (migliaia)","9","totale","Y15-74","15-74 anni","2006-Q3","T3-2006",243.568,,
"ITC","Nord-ovest","UNEMP","persone in cerca di occupazione 15 anni e oltre (migliaia)","9","totale","Y15-74","15-74 anni","2007","2007",263.935,,
"ITC","Nord-ovest","UNEMP","persone in cerca di occupazione 15 anni e oltre (migliaia)","9","totale","Y15-74","15-74 anni","2007-Q1","T1-2007",275.906,,
"ITC","Nord-ovest","UNEMP","persone in cerca di occupazione 15 anni e oltre (migliaia)","9","totale","Y15-74","15-74 anni","2007-Q2","T2-2007",233.5,,
"ITC","Nord-ovest","UNEMP","persone in cerca di occupazione 15 anni e oltre (migliaia)","9","totale","Y15-74","15-74 anni","2007-Q4","T4-2007",297.407,,
"ITC","Nord-ovest","UNEMP","persone in cerca di occupazione 15 anni e oltre (migliaia)","9","totale","Y15-74","15-74 anni","2007-Q3","T3-2007",248.927,,
"ITC","Nord-ovest","UNEMP","persone in cerca di occupazione 15 anni e oltre (migliaia)","9","totale","Y15-74","15-74 anni","2008","2008",301.693,,
"ITC","Nord-ovest","UNEMP","persone in cerca di occupazione 15 anni e oltre (migliaia)","9","totale","Y15-74","15-74 anni","2008-Q2","T2-2008",293.713,,
"ITC","Nord-ovest","UNEMP","persone in cerca di occupazione 15 anni e oltre (migliaia)","9","totale","Y15-74","15-74 anni","2008-Q1","T1-2008",293.229,,
"ITC","Nord-ovest","UNEMP","persone in cerca di occupazione 15 anni e oltre (migliaia)","9","totale","Y15-74","15-74 anni","2008-Q4","T4-2008",352.755,,
"ITC","Nord-ovest","UNEMP","persone in cerca di occupazione 15 anni e oltre (migliaia)","9","totale","Y15-74","15-74 anni","2008-Q3","T3-2008",267.074,,
"ITC","Nord-ovest","UNEMP","persone in cerca di occupazione 15 anni e oltre (migliaia)","9","totale","Y15-74","15-74 anni","2009","2009",415.418,,
"ITC","Nord-ovest","UNEMP","persone in cerca di occupazione 15 anni e oltre (migliaia)","9","totale","Y15-74","15-74 anni","2009-Q1","T1-2009",398.199,,
"ITC","Nord-ovest","UNEMP","persone in cerca di occupazione 15 anni e oltre (migliaia)","9","totale","Y15-74","15-74 anni","2009-Q2","T2-2009",384.222,,
"ITC","Nord-ovest","UNEMP","persone in cerca di occupazione 15 anni e oltre (migliaia)","9","totale","Y15-74","15-74 anni","2009-Q4","T4-2009",485.412,,
"ITC","Nord-ovest","UNEMP","persone in cerca di occupazione 15 anni e oltre (migliaia)","9","totale","Y15-74","15-74 anni","2009-Q3","T3-2009",393.839,,
"ITC","Nord-ovest","UNEMP","persone in cerca di occupazione 15 anni e oltre (migliaia)","9","totale","Y15-74","15-74 anni","2010","2010",446.16,,
"ITC","Nord-ovest","UNEMP","persone in cerca di occupazione 15 anni e oltre (migliaia)","9","totale","Y15-74","15-74 anni","2010-Q2","T2-2010",447.641,,
"ITC","Nord-ovest","UNEMP","persone in cerca di occupazione 15 anni e oltre (migliaia)","9","totale","Y15-74","15-74 anni","2010-Q1","T1-2010",493.357,,
"ITC","Nord-ovest","UNEMP","persone in cerca di occupazione 15 anni e oltre (migliaia)","9","totale","Y15-74","15-74 anni","2010-Q4","T4-2010",453.606,,
"ITC","Nord-ovest","UNEMP","persone in cerca di occupazione 15 anni e oltre (migliaia)","9","totale","Y15-74","15-74 anni","2010-Q3","T3-2010",390.037,,
"ITC","Nord-ovest","UNEMP","persone in cerca di occupazione 15 anni e oltre (migliaia)","9","totale","Y15-74","15-74 anni","2011","2011",454.037,,
"ITC","Nord-ovest","UNEMP","persone in cerca di occupazione 15 anni e oltre (migliaia)","9","totale","Y15-74","15-74 anni","2011-Q1","T1-2011",469.892,,
"ITC","Nord-ovest","UNEMP","persone in cerca di occupazione 15 anni e oltre (migliaia)","9","totale","Y15-74","15-74 anni","2011-Q2","T2-2011",406.42,,
"ITC","Nord-ovest","UNEMP","persone in cerca di occupazione 15 anni e oltre (migliaia)","9","totale","Y15-74","15-74 anni","2011-Q4","T4-2011",526.786,,
"ITC","Nord-ovest","UNEMP","persone in cerca di occupazione 15 anni e oltre (migliaia)","9","totale","Y15-74","15-74 anni","2011-Q3","T3-2011",413.051,,
"ITC","Nord-ovest","UNEMP","persone in cerca di occupazione 15 anni e oltre (migliaia)","9","totale","Y15-74","15-74 anni","2012","2012",584.142,,
"ITC","Nord-ovest","UNEMP","persone in cerca di occupazione 15 anni e oltre (migliaia)","9","totale","Y15-74","15-74 anni","2012-Q2","T2-2012",579.831,,
"ITC","Nord-ovest","UNEMP","persone in cerca di occupazione 15 anni e oltre (migliaia)","9","totale","Y15-74","15-74 anni","2012-Q1","T1-2012",604.647,,
"ITC","Nord-ovest","UNEMP","persone in cerca di occupazione 15 anni e oltre (migliaia)","9","totale","Y15-74","15-74 anni","2012-Q4","T4-2012",618.978,,
"ITC","Nord-ovest","UNEMP","persone in cerca di occupazione 15 anni e oltre (migliaia)","9","totale","Y15-74","15-74 anni","2012-Q3","T3-2012",533.114,,
"ITC","Nord-ovest","UNEMP","persone in cerca di occupazione 15 anni e oltre (migliaia)","9","totale","Y15-74","15-74 anni","2013","2013",652.287,,
"ITC","Nord-ovest","UNEMP","persone in cerca di occupazione 15 anni e oltre (migliaia)","9","totale","Y15-74","15-74 anni","2013-Q1","T1-2013",703.938,,
"ITC","Nord-ovest","UNEMP","persone in cerca di occupazione 15 anni e oltre (migliaia)","9","totale","Y15-74","15-74 anni","2013-Q2","T2-2013",633.512,,
"ITC","Nord-ovest","UNEMP","persone in cerca di occupazione 15 anni e oltre (migliaia)","9","totale","Y15-74","15-74 anni","2013-Q4","T4-2013",683.328,,
"ITC","Nord-ovest","UNEMP","persone in cerca di occupazione 15 anni e oltre (migliaia)","9","totale","Y15-74","15-74 anni","2013-Q3","T3-2013",588.37,,
"ITC","Nord-ovest","UNEMP","persone in cerca di occupazione 15 anni e oltre (migliaia)","9","totale","Y15-74","15-74 anni","2014","2014",681.194,,
"ITC","Nord-ovest","UNEMP","persone in cerca di occupazione 15 anni e oltre (migliaia)","9","totale","Y15-74","15-74 anni","2014-Q2","T2-2014",667.357,,
"ITC","Nord-ovest","UNEMP","persone in cerca di occupazione 15 anni e oltre (migliaia)","9","totale","Y15-74","15-74 anni","2014-Q1","T1-2014",728.175,,
"ITC","Nord-ovest","UNEMP","persone in cerca di occupazione 15 anni e oltre (migliaia)","9","totale","Y15-74","15-74 anni","2014-Q4","T4-2014",714.674,,
"ITC","Nord-ovest","UNEMP","persone in cerca di occupazione 15 anni e oltre (migliaia)","9","totale","Y15-74","15-74 anni","2014-Q3","T3-2014",614.572,,
"ITC","Nord-ovest","UNEMP","persone in cerca di occupazione 15 anni e oltre (migliaia)","9","totale","Y15-74","15-74 anni","2015","2015",632.354,,
"ITC","Nord-ovest","UNEMP","persone in cerca di occupazione 15 anni e oltre (migliaia)","9","totale","Y15-74","15-74 anni","2015-Q1","T1-2015",708.225,,
"ITC","Nord-ovest","UNEMP","persone in cerca di occupazione 15 anni e oltre (migliaia)","9","totale","Y15-74","15-74 anni","2015-Q2","T2-2015",627.826,,
"ITC","Nord-ovest","UNEMP","persone in cerca di occupazione 15 anni e oltre (migliaia)","9","totale","Y15-74","15-74 anni","2015-Q4","T4-2015",649.763,,
"ITC","Nord-ovest","UNEMP","persone in cerca di occupazione 15 anni e oltre (migliaia)","9","totale","Y15-74","15-74 anni","2015-Q3","T3-2015",543.601,,
"ITC","Nord-ovest","UNEMP","persone in cerca di occupazione 15 anni e oltre (migliaia)","9","totale","Y15-74","15-74 anni","2016","2016",596.373,,
"ITC","Nord-ovest","UNEMP","persone in cerca di occupazione 15 anni e oltre (migliaia)","9","totale","Y15-74","15-74 anni","2016-Q2","T2-2016",580.6,,
"ITC","Nord-ovest","UNEMP","persone in cerca di occupazione 15 anni e oltre (migliaia)","9","totale","Y15-74","15-74 anni","2016-Q1","T1-2016",627.365,,
"ITC","Nord-ovest","UNEMP","persone in cerca di occupazione 15 anni e oltre (migliaia)","9","totale","Y15-74","15-74 anni","2016-Q4","T4-2016",647.665,,
"ITC","Nord-ovest","UNEMP","persone in cerca di occupazione 15 anni e oltre (migliaia)","9","totale","Y15-74","15-74 anni","2016-Q3","T3-2016",529.864,,
"ITC","Nord-ovest","UNEMP","persone in cerca di occupazione 15 anni e oltre (migliaia)","9","totale","Y15-74","15-74 anni","2017","2017",544.586,,
"ITC","Nord-ovest","UNEMP","persone in cerca di occupazione 15 anni e oltre (migliaia)","9","totale","Y15-74","15-74 anni","2017-Q1","T1-2017",604.604,,
"ITC","Nord-ovest","UNEMP","persone in cerca di occupazione 15 anni e oltre (migliaia)","9","totale","Y15-74","15-74 anni","2017-Q2","T2-2017",524.173,,
"ITC","Nord-ovest","UNEMP","persone in cerca di occupazione 15 anni e oltre (migliaia)","9","totale","Y15-74","15-74 anni","2017-Q4","T4-2017",529.705,,
"ITC","Nord-ovest","UNEMP","persone in cerca di occupazione 15 anni e oltre (migliaia)","9","totale","Y15-74","15-74 anni","2017-Q3","T3-2017",519.861,,
"ITC","Nord-ovest","UNEMP","persone in cerca di occupazione 15 anni e oltre (migliaia)","9","totale","Y15-74","15-74 anni","2018","2018",512.661,,
"ITC","Nord-ovest","UNEMP","persone in cerca di occupazione 15 anni e oltre (migliaia)","9","totale","Y15-74","15-74 anni","2018-Q2","T2-2018",533.495,,
"ITC","Nord-ovest","UNEMP","persone in cerca di occupazione 15 anni e oltre (migliaia)","9","totale","Y15-74","15-74 anni","2018-Q1","T1-2018",548.837,,
"ITC","Nord-ovest","UNEMP","persone in cerca di occupazione 15 anni e oltre (migliaia)","9","totale","Y15-74","15-74 anni","2018-Q4","T4-2018",518.869,,
"ITC","Nord-ovest","UNEMP","persone in cerca di occupazione 15 anni e oltre (migliaia)","9","totale","Y15-74","15-74 anni","2018-Q3","T3-2018",449.442,,
"ITC","Nord-ovest","UNEMP","persone in cerca di occupazione 15 anni e oltre (migliaia)","9","totale","Y15-74","15-74 anni","2019","2019",480.583,,
"ITC","Nord-ovest","UNEMP","persone in cerca di occupazione 15 anni e oltre (migliaia)","9","totale","Y15-74","15-74 anni","2019-Q1","T1-2019",544.38,,
"ITC","Nord-ovest","UNEMP","persone in cerca di occupazione 15 anni e oltre (migliaia)","9","totale","Y15-74","15-74 anni","2019-Q2","T2-2019",446.758,,
"ITC","Nord-ovest","UNEMP","persone in cerca di occupazione 15 anni e oltre (migliaia)","9","totale","Y15-74","15-74 anni","2019-Q4","T4-2019",483.384,,
"ITC","Nord-ovest","UNEMP","persone in cerca di occupazione 15 anni e oltre (migliaia)","9","totale","Y15-74","15-74 anni","2019-Q3","T3-2019",447.811,,
"ITC","Nord-ovest","UNEMP","persone in cerca di occupazione 15 anni e oltre (migliaia)","9","totale","Y15-74","15-74 anni","2020","2020",435.843,,
"ITC","Nord-ovest","UNEMP","persone in cerca di occupazione 15 anni e oltre (migliaia)","9","totale","Y15-74","15-74 anni","2020-Q2","T2-2020",361.867,,
"ITC","Nord-ovest","UNEMP","persone in cerca di occupazione 15 anni e oltre (migliaia)","9","totale","Y15-74","15-74 anni","2020-Q1","T1-2020",432.119,,
"ITC","Nord-ovest","UNEMP","persone in cerca di occupazione 15 anni e oltre (migliaia)","9","totale","Y15-74","15-74 anni","2020-Q3","T3-2020",490.607,,
"ITC","Nord-ovest","UNEMP","persone in cerca di occupazione 15 anni e oltre (migliaia)","9","totale","Y15-74","15-74 anni","2020-Q4","T4-2020",458.778,,
"ITC","Nord-ovest","UNEMP","persone in cerca di occupazione 15 anni e oltre (migliaia)","9","totale","Y15-74","15-74 anni","2021","2021",467.02,,
"ITC","Nord-ovest","UNEMP","persone in cerca di occupazione 15 anni e oltre (migliaia)","9","totale","Y15-74","15-74 anni","2022","2022",397.779,,
"ITC","Nord-ovest","UNEMP","persone in cerca di occupazione 15 anni e oltre (migliaia)","9","totale","Y15-74","15-74 anni","2023","2023",349.485,,
"ITC","Nord-ovest","UNEMP","persone in cerca di occupazione 15 anni e oltre (migliaia)","9","totale","Y15-74","15-74 anni","2021-Q1","T1-2021",533.395,,
"ITC","Nord-ovest","UNEMP","persone in cerca di occupazione 15 anni e oltre (migliaia)","9","totale","Y15-74","15-74 anni","2021-Q2","T2-2021",476.924,,
"ITC","Nord-ovest","UNEMP","persone in cerca di occupazione 15 anni e oltre (migliaia)","9","totale","Y15-74","15-74 anni","2021-Q3","T3-2021",419.392,,
"ITC","Nord-ovest","UNEMP","persone in cerca di occupazione 15 anni e oltre (migliaia)","9","totale","Y15-74","15-74 anni","2021-Q4","T4-2021",438.37,,
"ITC","Nord-ovest","UNEMP","persone in cerca di occupazione 15 anni e oltre (migliaia)","9","totale","Y15-74","15-74 anni","2022-Q1","T1-2022",444.585,,
"ITC","Nord-ovest","UNEMP","persone in cerca di occupazione 15 anni e oltre (migliaia)","9","totale","Y15-74","15-74 anni","2022-Q2","T2-2022",407.923,,
"ITC","Nord-ovest","UNEMP","persone in cerca di occupazione 15 anni e oltre (migliaia)","9","totale","Y15-74","15-74 anni","2022-Q3","T3-2022",372.799,,
"ITC","Nord-ovest","UNEMP","persone in cerca di occupazione 15 anni e oltre (migliaia)","9","totale","Y15-74","15-74 anni","2022-Q4","T4-2022",365.809,,
"ITC","Nord-ovest","UNEMP","persone in cerca di occupazione 15 anni e oltre (migliaia)","9","totale","Y15-74","15-74 anni","2023-Q1","T1-2023",371.987,,
"ITC","Nord-ovest","UNEMP","persone in cerca di occupazione 15 anni e oltre (migliaia)","9","totale","Y15-74","15-74 anni","2023-Q2","T2-2023",360.177,,
"ITC","Nord-ovest","UNEMP","persone in cerca di occupazione 15 anni e oltre (migliaia)","9","totale","Y15-74","15-74 anni","2023-Q3","T3-2023",320.775,,
"ITC","Nord-ovest","UNEMP","persone in cerca di occupazione 15 anni e oltre (migliaia)","9","totale","Y15-74","15-74 anni","2023-Q4","T4-2023",345,,
"ITFG","Mezzogiorno","UNEMP","persone in cerca di occupazione 15 anni e oltre (migliaia)","9","totale","Y15-74","15-74 anni","2004","2004",1121.949,,
"ITFG","Mezzogiorno","UNEMP","persone in cerca di occupazione 15 anni e oltre (migliaia)","9","totale","Y15-74","15-74 anni","2004-Q2","T2-2004",1125.768,,
"ITFG","Mezzogiorno","UNEMP","persone in cerca di occupazione 15 anni e oltre (migliaia)","9","totale","Y15-74","15-74 anni","2004-Q1","T1-2004",1213.109,,
"ITFG","Mezzogiorno","UNEMP","persone in cerca di occupazione 15 anni e oltre (migliaia)","9","totale","Y15-74","15-74 anni","2004-Q4","T4-2004",1140.561,,
"ITFG","Mezzogiorno","UNEMP","persone in cerca di occupazione 15 anni e oltre (migliaia)","9","totale","Y15-74","15-74 anni","2004-Q3","T3-2004",1008.358,,
"ITFG","Mezzogiorno","UNEMP","persone in cerca di occupazione 15 anni e oltre (migliaia)","9","totale","Y15-74","15-74 anni","2005","2005",1059.315,,
"ITFG","Mezzogiorno","UNEMP","persone in cerca di occupazione 15 anni e oltre (migliaia)","9","totale","Y15-74","15-74 anni","2005-Q1","T1-2005",1154.218,,
"ITFG","Mezzogiorno","UNEMP","persone in cerca di occupazione 15 anni e oltre (migliaia)","9","totale","Y15-74","15-74 anni","2005-Q2","T2-2005",1052.289,,
"ITFG","Mezzogiorno","UNEMP","persone in cerca di occupazione 15 anni e oltre (migliaia)","9","totale","Y15-74","15-74 anni","2005-Q4","T4-2005",1060.616,,
"ITFG","Mezzogiorno","UNEMP","persone in cerca di occupazione 15 anni e oltre (migliaia)","9","totale","Y15-74","15-74 anni","2005-Q3","T3-2005",970.139,,
"ITFG","Mezzogiorno","UNEMP","persone in cerca di occupazione 15 anni e oltre (migliaia)","9","totale","Y15-74","15-74 anni","2006","2006",901.193,,
"ITFG","Mezzogiorno","UNEMP","persone in cerca di occupazione 15 anni e oltre (migliaia)","9","totale","Y15-74","15-74 anni","2006-Q2","T2-2006",894.316,,
"ITFG","Mezzogiorno","UNEMP","persone in cerca di occupazione 15 anni e oltre (migliaia)","9","totale","Y15-74","15-74 anni","2006-Q1","T1-2006",1036.496,,
"ITFG","Mezzogiorno","UNEMP","persone in cerca di occupazione 15 anni e oltre (migliaia)","9","totale","Y15-74","15-74 anni","2006-Q4","T4-2006",895.699,,
"ITFG","Mezzogiorno","UNEMP","persone in cerca di occupazione 15 anni e oltre (migliaia)","9","totale","Y15-74","15-74 anni","2006-Q3","T3-2006",778.26,,
"ITFG","Mezzogiorno","UNEMP","persone in cerca di occupazione 15 anni e oltre (migliaia)","9","totale","Y15-74","15-74 anni","2007","2007",800.976,,
"ITFG","Mezzogiorno","UNEMP","persone in cerca di occupazione 15 anni e oltre (migliaia)","9","totale","Y15-74","15-74 anni","2007-Q1","T1-2007",813.808,,
"ITFG","Mezzogiorno","UNEMP","persone in cerca di occupazione 15 anni e oltre (migliaia)","9","totale","Y15-74","15-74 anni","2007-Q2","T2-2007",770.861,,
"ITFG","Mezzogiorno","UNEMP","persone in cerca di occupazione 15 anni e oltre (migliaia)","9","totale","Y15-74","15-74 anni","2007-Q4","T4-2007",861.244,,
"ITFG","Mezzogiorno","UNEMP","persone in cerca di occupazione 15 anni e oltre (migliaia)","9","totale","Y15-74","15-74 anni","2007-Q3","T3-2007",757.99,,
"ITFG","Mezzogiorno","UNEMP","persone in cerca di occupazione 15 anni e oltre (migliaia)","9","totale","Y15-74","15-74 anni","2008","2008",881.997,,
"ITFG","Mezzogiorno","UNEMP","persone in cerca di occupazione 15 anni e oltre (migliaia)","9","totale","Y15-74","15-74 anni","2008-Q2","T2-2008",891.139,,
"ITFG","Mezzogiorno","UNEMP","persone in cerca di occupazione 15 anni e oltre (migliaia)","9","totale","Y15-74","15-74 anni","2008-Q1","T1-2008",940.004,,
"ITFG","Mezzogiorno","UNEMP","persone in cerca di occupazione 15 anni e oltre (migliaia)","9","totale","Y15-74","15-74 anni","2008-Q4","T4-2008",890.952,,
"ITFG","Mezzogiorno","UNEMP","persone in cerca di occupazione 15 anni e oltre (migliaia)","9","totale","Y15-74","15-74 anni","2008-Q3","T3-2008",805.894,,
"ITFG","Mezzogiorno","UNEMP","persone in cerca di occupazione 15 anni e oltre (migliaia)","9","totale","Y15-74","15-74 anni","2009","2009",892.875,,
"ITFG","Mezzogiorno","UNEMP","persone in cerca di occupazione 15 anni e oltre (migliaia)","9","totale","Y15-74","15-74 anni","2009-Q1","T1-2009",938.923,,
"ITFG","Mezzogiorno","UNEMP","persone in cerca di occupazione 15 anni e oltre (migliaia)","9","totale","Y15-74","15-74 anni","2009-Q2","T2-2009",855.523,,
"ITFG","Mezzogiorno","UNEMP","persone in cerca di occupazione 15 anni e oltre (migliaia)","9","totale","Y15-74","15-74 anni","2009-Q4","T4-2009",944.78,,
"ITFG","Mezzogiorno","UNEMP","persone in cerca di occupazione 15 anni e oltre (migliaia)","9","totale","Y15-74","15-74 anni","2009-Q3","T3-2009",832.273,,
"ITFG","Mezzogiorno","UNEMP","persone in cerca di occupazione 15 anni e oltre (migliaia)","9","totale","Y15-74","15-74 anni","2010","2010",952.203,,
"ITFG","Mezzogiorno","UNEMP","persone in cerca di occupazione 15 anni e oltre (migliaia)","9","totale","Y15-74","15-74 anni","2010-Q2","T2-2010",967.568,,
"ITFG","Mezzogiorno","UNEMP","persone in cerca di occupazione 15 anni e oltre (migliaia)","9","totale","Y15-74","15-74 anni","2010-Q1","T1-2010",1013.123,,
"ITFG","Mezzogiorno","UNEMP","persone in cerca di occupazione 15 anni e oltre (migliaia)","9","totale","Y15-74","15-74 anni","2010-Q4","T4-2010",977.039,,
"ITFG","Mezzogiorno","UNEMP","persone in cerca di occupazione 15 anni e oltre (migliaia)","9","totale","Y15-74","15-74 anni","2010-Q3","T3-2010",851.081,,
"ITFG","Mezzogiorno","UNEMP","persone in cerca di occupazione 15 anni e oltre (migliaia)","9","totale","Y15-74","15-74 anni","2011","2011",977.312,,
"ITFG","Mezzogiorno","UNEMP","persone in cerca di occupazione 15 anni e oltre (migliaia)","9","totale","Y15-74","15-74 anni","2011-Q1","T1-2011",999.596,,
"ITFG","Mezzogiorno","UNEMP","persone in cerca di occupazione 15 anni e oltre (migliaia)","9","totale","Y15-74","15-74 anni","2011-Q2","T2-2011",946.786,,
"ITFG","Mezzogiorno","UNEMP","persone in cerca di occupazione 15 anni e oltre (migliaia)","9","totale","Y15-74","15-74 anni","2011-Q4","T4-2011",1083.01,,
"ITFG","Mezzogiorno","UNEMP","persone in cerca di occupazione 15 anni e oltre (migliaia)","9","totale","Y15-74","15-74 anni","2011-Q3","T3-2011",879.858,,
"ITFG","Mezzogiorno","UNEMP","persone in cerca di occupazione 15 anni e oltre (migliaia)","9","totale","Y15-74","15-74 anni","2012","2012",1280.013,,
"ITFG","Mezzogiorno","UNEMP","persone in cerca di occupazione 15 anni e oltre (migliaia)","9","totale","Y15-74","15-74 anni","2012-Q2","T2-2012",1280.097,,
"ITFG","Mezzogiorno","UNEMP","persone in cerca di occupazione 15 anni e oltre (migliaia)","9","totale","Y15-74","15-74 anni","2012-Q1","T1-2012",1310.021,,
"ITFG","Mezzogiorno","UNEMP","persone in cerca di occupazione 15 anni e oltre (migliaia)","9","totale","Y15-74","15-74 anni","2012-Q4","T4-2012",1390.089,,
"ITFG","Mezzogiorno","UNEMP","persone in cerca di occupazione 15 anni e oltre (migliaia)","9","totale","Y15-74","15-74 anni","2012-Q3","T3-2012",1139.843,,
"ITFG","Mezzogiorno","UNEMP","persone in cerca di occupazione 15 anni e oltre (migliaia)","9","totale","Y15-74","15-74 anni","2013","2013",1446.433,,
"ITFG","Mezzogiorno","UNEMP","persone in cerca di occupazione 15 anni e oltre (migliaia)","9","totale","Y15-74","15-74 anni","2013-Q1","T1-2013",1485.643,,
"ITFG","Mezzogiorno","UNEMP","persone in cerca di occupazione 15 anni e oltre (migliaia)","9","totale","Y15-74","15-74 anni","2013-Q2","T2-2013",1461.276,,
"ITFG","Mezzogiorno","UNEMP","persone in cerca di occupazione 15 anni e oltre (migliaia)","9","totale","Y15-74","15-74 anni","2013-Q4","T4-2013",1498.468,,
"ITFG","Mezzogiorno","UNEMP","persone in cerca di occupazione 15 anni e oltre (migliaia)","9","totale","Y15-74","15-74 anni","2013-Q3","T3-2013",1340.343,,
"ITFG","Mezzogiorno","UNEMP","persone in cerca di occupazione 15 anni e oltre (migliaia)","9","totale","Y15-74","15-74 anni","2014","2014",1518.64,,
"ITFG","Mezzogiorno","UNEMP","persone in cerca di occupazione 15 anni e oltre (migliaia)","9","totale","Y15-74","15-74 anni","2014-Q2","T2-2014",1473.94,,
"ITFG","Mezzogiorno","UNEMP","persone in cerca di occupazione 15 anni e oltre (migliaia)","9","totale","Y15-74","15-74 anni","2014-Q1","T1-2014",1596.213,,
"ITFG","Mezzogiorno","UNEMP","persone in cerca di occupazione 15 anni e oltre (migliaia)","9","totale","Y15-74","15-74 anni","2014-Q4","T4-2014",1581.347,,
"ITFG","Mezzogiorno","UNEMP","persone in cerca di occupazione 15 anni e oltre (migliaia)","9","totale","Y15-74","15-74 anni","2014-Q3","T3-2014",1423.062,,
"ITFG","Mezzogiorno","UNEMP","persone in cerca di occupazione 15 anni e oltre (migliaia)","9","totale","Y15-74","15-74 anni","2015","2015",1421.156,,
"ITFG","Mezzogiorno","UNEMP","persone in cerca di occupazione 15 anni e oltre (migliaia)","9","totale","Y15-74","15-74 anni","2015-Q1","T1-2015",1499.171,,
"ITFG","Mezzogiorno","UNEMP","persone in cerca di occupazione 15 anni e oltre (migliaia)","9","totale","Y15-74","15-74 anni","2015-Q2","T2-2015",1496.337,,
"ITFG","Mezzogiorno","UNEMP","persone in cerca di occupazione 15 anni e oltre (migliaia)","9","totale","Y15-74","15-74 anni","2015-Q4","T4-2015",1418.699,,
"ITFG","Mezzogiorno","UNEMP","persone in cerca di occupazione 15 anni e oltre (migliaia)","9","totale","Y15-74","15-74 anni","2015-Q3","T3-2015",1270.419,,
"ITFG","Mezzogiorno","UNEMP","persone in cerca di occupazione 15 anni e oltre (migliaia)","9","totale","Y15-74","15-74 anni","2016","2016",1461.061,,
"ITFG","Mezzogiorno","UNEMP","persone in cerca di occupazione 15 anni e oltre (migliaia)","9","totale","Y15-74","15-74 anni","2016-Q2","T2-2016",1453.184,,
"ITFG","Mezzogiorno","UNEMP","persone in cerca di occupazione 15 anni e oltre (migliaia)","9","totale","Y15-74","15-74 anni","2016-Q1","T1-2016",1464.876,,
"ITFG","Mezzogiorno","UNEMP","persone in cerca di occupazione 15 anni e oltre (migliaia)","9","totale","Y15-74","15-74 anni","2016-Q4","T4-2016",1536.223,,
"ITFG","Mezzogiorno","UNEMP","persone in cerca di occupazione 15 anni e oltre (migliaia)","9","totale","Y15-74","15-74 anni","2016-Q3","T3-2016",1389.96,,
"ITFG","Mezzogiorno","UNEMP","persone in cerca di occupazione 15 anni e oltre (migliaia)","9","totale","Y15-74","15-74 anni","2017","2017",1454.135,,
"ITFG","Mezzogiorno","UNEMP","persone in cerca di occupazione 15 anni e oltre (migliaia)","9","totale","Y15-74","15-74 anni","2017-Q1","T1-2017",1568.598,,
"ITFG","Mezzogiorno","UNEMP","persone in cerca di occupazione 15 anni e oltre (migliaia)","9","totale","Y15-74","15-74 anni","2017-Q2","T2-2017",1448.02,,
"ITFG","Mezzogiorno","UNEMP","persone in cerca di occupazione 15 anni e oltre (migliaia)","9","totale","Y15-74","15-74 anni","2017-Q4","T4-2017",1450.578,,
"ITFG","Mezzogiorno","UNEMP","persone in cerca di occupazione 15 anni e oltre (migliaia)","9","totale","Y15-74","15-74 anni","2017-Q3","T3-2017",1349.344,,
"ITFG","Mezzogiorno","UNEMP","persone in cerca di occupazione 15 anni e oltre (migliaia)","9","totale","Y15-74","15-74 anni","2018","2018",1366.679,,
"ITFG","Mezzogiorno","UNEMP","persone in cerca di occupazione 15 anni e oltre (migliaia)","9","totale","Y15-74","15-74 anni","2018-Q2","T2-2018",1393.758,,
"ITFG","Mezzogiorno","UNEMP","persone in cerca di occupazione 15 anni e oltre (migliaia)","9","totale","Y15-74","15-74 anni","2018-Q1","T1-2018",1501.623,,
"ITFG","Mezzogiorno","UNEMP","persone in cerca di occupazione 15 anni e oltre (migliaia)","9","totale","Y15-74","15-74 anni","2018-Q4","T4-2018",1366.427,,
"ITFG","Mezzogiorno","UNEMP","persone in cerca di occupazione 15 anni e oltre (migliaia)","9","totale","Y15-74","15-74 anni","2018-Q3","T3-2018",1204.91,,
"ITFG","Mezzogiorno","UNEMP","persone in cerca di occupazione 15 anni e oltre (migliaia)","9","totale","Y15-74","15-74 anni","2019","2019",1297.771,,
"ITFG","Mezzogiorno","UNEMP","persone in cerca di occupazione 15 anni e oltre (migliaia)","9","totale","Y15-74","15-74 anni","2019-Q1","T1-2019",1418.951,,
"ITFG","Mezzogiorno","UNEMP","persone in cerca di occupazione 15 anni e oltre (migliaia)","9","totale","Y15-74","15-74 anni","2019-Q2","T2-2019",1288.96,,
"ITFG","Mezzogiorno","UNEMP","persone in cerca di occupazione 15 anni e oltre (migliaia)","9","totale","Y15-74","15-74 anni","2019-Q4","T4-2019",1285.441,,
"ITFG","Mezzogiorno","UNEMP","persone in cerca di occupazione 15 anni e oltre (migliaia)","9","totale","Y15-74","15-74 anni","2019-Q3","T3-2019",1197.732,,
"ITFG","Mezzogiorno","UNEMP","persone in cerca di occupazione 15 anni e oltre (migliaia)","9","totale","Y15-74","15-74 anni","2020","2020",1133.442,,
"ITFG","Mezzogiorno","UNEMP","persone in cerca di occupazione 15 anni e oltre (migliaia)","9","totale","Y15-74","15-74 anni","2020-Q2","T2-2020",955.833,,
"ITFG","Mezzogiorno","UNEMP","persone in cerca di occupazione 15 anni e oltre (migliaia)","9","totale","Y15-74","15-74 anni","2020-Q1","T1-2020",1206.048,,
"ITFG","Mezzogiorno","UNEMP","persone in cerca di occupazione 15 anni e oltre (migliaia)","9","totale","Y15-74","15-74 anni","2020-Q3","T3-2020",1217.277,,
"ITFG","Mezzogiorno","UNEMP","persone in cerca di occupazione 15 anni e oltre (migliaia)","9","totale","Y15-74","15-74 anni","2020-Q4","T4-2020",1154.613,,
"ITFG","Mezzogiorno","UNEMP","persone in cerca di occupazione 15 anni e oltre (migliaia)","9","totale","Y15-74","15-74 anni","2021","2021",1168.763,,
"ITFG","Mezzogiorno","UNEMP","persone in cerca di occupazione 15 anni e oltre (migliaia)","9","totale","Y15-74","15-74 anni","2022","2022",1018.465,,
"ITFG","Mezzogiorno","UNEMP","persone in cerca di occupazione 15 anni e oltre (migliaia)","9","totale","Y15-74","15-74 anni","2023","2023",1024.477,,
"ITFG","Mezzogiorno","UNEMP","persone in cerca di occupazione 15 anni e oltre (migliaia)","9","totale","Y15-74","15-74 anni","2021-Q1","T1-2021",1242.792,,
"ITFG","Mezzogiorno","UNEMP","persone in cerca di occupazione 15 anni e oltre (migliaia)","9","totale","Y15-74","15-74 anni","2021-Q2","T2-2021",1200.063,,
"ITFG","Mezzogiorno","UNEMP","persone in cerca di occupazione 15 anni e oltre (migliaia)","9","totale","Y15-74","15-74 anni","2021-Q3","T3-2021",1120.833,,
"ITFG","Mezzogiorno","UNEMP","persone in cerca di occupazione 15 anni e oltre (migliaia)","9","totale","Y15-74","15-74 anni","2021-Q4","T4-2021",1111.362,,
"ITFG","Mezzogiorno","UNEMP","persone in cerca di occupazione 15 anni e oltre (migliaia)","9","totale","Y15-74","15-74 anni","2022-Q1","T1-2022",1071.199,,
"ITFG","Mezzogiorno","UNEMP","persone in cerca di occupazione 15 anni e oltre (migliaia)","9","totale","Y15-74","15-74 anni","2022-Q2","T2-2022",1001.412,,
"ITFG","Mezzogiorno","UNEMP","persone in cerca di occupazione 15 anni e oltre (migliaia)","9","totale","Y15-74","15-74 anni","2022-Q3","T3-2022",971.441,,
"ITFG","Mezzogiorno","UNEMP","persone in cerca di occupazione 15 anni e oltre (migliaia)","9","totale","Y15-74","15-74 anni","2022-Q4","T4-2022",1029.808,,
"ITFG","Mezzogiorno","UNEMP","persone in cerca di occupazione 15 anni e oltre (migliaia)","9","totale","Y15-74","15-74 anni","2023-Q1","T1-2023",1114.215,,
"ITFG","Mezzogiorno","UNEMP","persone in cerca di occupazione 15 anni e oltre (migliaia)","9","totale","Y15-74","15-74 anni","2023-Q2","T2-2023",985.904,,
"ITFG","Mezzogiorno","UNEMP","persone in cerca di occupazione 15 anni e oltre (migliaia)","9","totale","Y15-74","15-74 anni","2023-Q3","T3-2023",976.301,,
"ITFG","Mezzogiorno","UNEMP","persone in cerca di occupazione 15 anni e oltre (migliaia)","9","totale","Y15-74","15-74 anni","2023-Q4","T4-2023",1021.49,,
"ITE","Centro","UNEMP","persone in cerca di occupazione 15 anni e oltre (migliaia)","9","totale","Y15-74","15-74 anni","2004","2004",317.447,,
"ITE","Centro","UNEMP","persone in cerca di occupazione 15 anni e oltre (migliaia)","9","totale","Y15-74","15-74 anni","2004-Q2","T2-2004",298.562,,
"ITE","Centro","UNEMP","persone in cerca di occupazione 15 anni e oltre (migliaia)","9","totale","Y15-74","15-74 anni","2004-Q1","T1-2004",363.125,,
"ITE","Centro","UNEMP","persone in cerca di occupazione 15 anni e oltre (migliaia)","9","totale","Y15-74","15-74 anni","2004-Q4","T4-2004",321.708,,
"ITE","Centro","UNEMP","persone in cerca di occupazione 15 anni e oltre (migliaia)","9","totale","Y15-74","15-74 anni","2004-Q3","T3-2004",286.392,,
"ITE","Centro","UNEMP","persone in cerca di occupazione 15 anni e oltre (migliaia)","9","totale","Y15-74","15-74 anni","2005","2005",315.091,,
"ITE","Centro","UNEMP","persone in cerca di occupazione 15 anni e oltre (migliaia)","9","totale","Y15-74","15-74 anni","2005-Q1","T1-2005",332.461,,
"ITE","Centro","UNEMP","persone in cerca di occupazione 15 anni e oltre (migliaia)","9","totale","Y15-74","15-74 anni","2005-Q2","T2-2005",314.488,,
"ITE","Centro","UNEMP","persone in cerca di occupazione 15 anni e oltre (migliaia)","9","totale","Y15-74","15-74 anni","2005-Q4","T4-2005",333.867,,
"ITE","Centro","UNEMP","persone in cerca di occupazione 15 anni e oltre (migliaia)","9","totale","Y15-74","15-74 anni","2005-Q3","T3-2005",279.549,,
"ITE","Centro","UNEMP","persone in cerca di occupazione 15 anni e oltre (migliaia)","9","totale","Y15-74","15-74 anni","2006","2006",301.147,,
"ITE","Centro","UNEMP","persone in cerca di occupazione 15 anni e oltre (migliaia)","9","totale","Y15-74","15-74 anni","2006-Q2","T2-2006",297.832,,
"ITE","Centro","UNEMP","persone in cerca di occupazione 15 anni e oltre (migliaia)","9","totale","Y15-74","15-74 anni","2006-Q1","T1-2006",322.597,,
"ITE","Centro","UNEMP","persone in cerca di occupazione 15 anni e oltre (migliaia)","9","totale","Y15-74","15-74 anni","2006-Q4","T4-2006",313.51,,
"ITE","Centro","UNEMP","persone in cerca di occupazione 15 anni e oltre (migliaia)","9","totale","Y15-74","15-74 anni","2006-Q3","T3-2006",270.648,,
"ITE","Centro","UNEMP","persone in cerca di occupazione 15 anni e oltre (migliaia)","9","totale","Y15-74","15-74 anni","2007","2007",262.263,,
"ITE","Centro","UNEMP","persone in cerca di occupazione 15 anni e oltre (migliaia)","9","totale","Y15-74","15-74 anni","2007-Q1","T1-2007",270.599,,
"ITE","Centro","UNEMP","persone in cerca di occupazione 15 anni e oltre (migliaia)","9","totale","Y15-74","15-74 anni","2007-Q2","T2-2007",243.777,,
"ITE","Centro","UNEMP","persone in cerca di occupazione 15 anni e oltre (migliaia)","9","totale","Y15-74","15-74 anni","2007-Q4","T4-2007",300.918,,
"ITE","Centro","UNEMP","persone in cerca di occupazione 15 anni e oltre (migliaia)","9","totale","Y15-74","15-74 anni","2007-Q3","T3-2007",233.757,,
"ITE","Centro","UNEMP","persone in cerca di occupazione 15 anni e oltre (migliaia)","9","totale","Y15-74","15-74 anni","2008","2008",310.677,,
"ITE","Centro","UNEMP","persone in cerca di occupazione 15 anni e oltre (migliaia)","9","totale","Y15-74","15-74 anni","2008-Q2","T2-2008",325.38,,
"ITE","Centro","UNEMP","persone in cerca di occupazione 15 anni e oltre (migliaia)","9","totale","Y15-74","15-74 anni","2008-Q1","T1-2008",307.026,,
"ITE","Centro","UNEMP","persone in cerca di occupazione 15 anni e oltre (migliaia)","9","totale","Y15-74","15-74 anni","2008-Q4","T4-2008",324.353,,
"ITE","Centro","UNEMP","persone in cerca di occupazione 15 anni e oltre (migliaia)","9","totale","Y15-74","15-74 anni","2008-Q3","T3-2008",285.95,,
"ITE","Centro","UNEMP","persone in cerca di occupazione 15 anni e oltre (migliaia)","9","totale","Y15-74","15-74 anni","2009","2009",369.122,,
"ITE","Centro","UNEMP","persone in cerca di occupazione 15 anni e oltre (migliaia)","9","totale","Y15-74","15-74 anni","2009-Q1","T1-2009",386.904,,
"ITE","Centro","UNEMP","persone in cerca di occupazione 15 anni e oltre (migliaia)","9","totale","Y15-74","15-74 anni","2009-Q2","T2-2009",338.858,,
"ITE","Centro","UNEMP","persone in cerca di occupazione 15 anni e oltre (migliaia)","9","totale","Y15-74","15-74 anni","2009-Q4","T4-2009",421.526,,
"ITE","Centro","UNEMP","persone in cerca di occupazione 15 anni e oltre (migliaia)","9","totale","Y15-74","15-74 anni","2009-Q3","T3-2009",329.202,,
"ITE","Centro","UNEMP","persone in cerca di occupazione 15 anni e oltre (migliaia)","9","totale","Y15-74","15-74 anni","2010","2010",389.952,,
"ITE","Centro","UNEMP","persone in cerca di occupazione 15 anni e oltre (migliaia)","9","totale","Y15-74","15-74 anni","2010-Q2","T2-2010",366.9,,
"ITE","Centro","UNEMP","persone in cerca di occupazione 15 anni e oltre (migliaia)","9","totale","Y15-74","15-74 anni","2010-Q1","T1-2010",431.038,,
"ITE","Centro","UNEMP","persone in cerca di occupazione 15 anni e oltre (migliaia)","9","totale","Y15-74","15-74 anni","2010-Q4","T4-2010",408.157,,
"ITE","Centro","UNEMP","persone in cerca di occupazione 15 anni e oltre (migliaia)","9","totale","Y15-74","15-74 anni","2010-Q3","T3-2010",353.714,,
"ITE","Centro","UNEMP","persone in cerca di occupazione 15 anni e oltre (migliaia)","9","totale","Y15-74","15-74 anni","2011","2011",390.377,,
"ITE","Centro","UNEMP","persone in cerca di occupazione 15 anni e oltre (migliaia)","9","totale","Y15-74","15-74 anni","2011-Q1","T1-2011",385.733,,
"ITE","Centro","UNEMP","persone in cerca di occupazione 15 anni e oltre (migliaia)","9","totale","Y15-74","15-74 anni","2011-Q2","T2-2011",337.067,,
"ITE","Centro","UNEMP","persone in cerca di occupazione 15 anni e oltre (migliaia)","9","totale","Y15-74","15-74 anni","2011-Q4","T4-2011",475.308,,
"ITE","Centro","UNEMP","persone in cerca di occupazione 15 anni e oltre (migliaia)","9","totale","Y15-74","15-74 anni","2011-Q3","T3-2011",363.4,,
"ITE","Centro","UNEMP","persone in cerca di occupazione 15 anni e oltre (migliaia)","9","totale","Y15-74","15-74 anni","2012","2012",499.958,,
"ITE","Centro","UNEMP","persone in cerca di occupazione 15 anni e oltre (migliaia)","9","totale","Y15-74","15-74 anni","2012-Q2","T2-2012",474.392,,
"ITE","Centro","UNEMP","persone in cerca di occupazione 15 anni e oltre (migliaia)","9","totale","Y15-74","15-74 anni","2012-Q1","T1-2012",495.51,,
"ITE","Centro","UNEMP","persone in cerca di occupazione 15 anni e oltre (migliaia)","9","totale","Y15-74","15-74 anni","2012-Q4","T4-2012",574.682,,
"ITE","Centro","UNEMP","persone in cerca di occupazione 15 anni e oltre (migliaia)","9","totale","Y15-74","15-74 anni","2012-Q3","T3-2012",455.247,,
"ITE","Centro","UNEMP","persone in cerca di occupazione 15 anni e oltre (migliaia)","9","totale","Y15-74","15-74 anni","2013","2013",565.876,,
"ITE","Centro","UNEMP","persone in cerca di occupazione 15 anni e oltre (migliaia)","9","totale","Y15-74","15-74 anni","2013-Q1","T1-2013",588.416,,
"ITE","Centro","UNEMP","persone in cerca di occupazione 15 anni e oltre (migliaia)","9","totale","Y15-74","15-74 anni","2013-Q2","T2-2013",558.832,,
"ITE","Centro","UNEMP","persone in cerca di occupazione 15 anni e oltre (migliaia)","9","totale","Y15-74","15-74 anni","2013-Q4","T4-2013",590.952,,
"ITE","Centro","UNEMP","persone in cerca di occupazione 15 anni e oltre (migliaia)","9","totale","Y15-74","15-74 anni","2013-Q3","T3-2013",525.301,,
"ITE","Centro","UNEMP","persone in cerca di occupazione 15 anni e oltre (migliaia)","9","totale","Y15-74","15-74 anni","2014","2014",611.038,,
"ITE","Centro","UNEMP","persone in cerca di occupazione 15 anni e oltre (migliaia)","9","totale","Y15-74","15-74 anni","2014-Q2","T2-2014",568.663,,
"ITE","Centro","UNEMP","persone in cerca di occupazione 15 anni e oltre (migliaia)","9","totale","Y15-74","15-74 anni","2014-Q1","T1-2014",649.643,,
"ITE","Centro","UNEMP","persone in cerca di occupazione 15 anni e oltre (migliaia)","9","totale","Y15-74","15-74 anni","2014-Q4","T4-2014",664.316,,
"ITE","Centro","UNEMP","persone in cerca di occupazione 15 anni e oltre (migliaia)","9","totale","Y15-74","15-74 anni","2014-Q3","T3-2014",561.53,,
"ITE","Centro","UNEMP","persone in cerca di occupazione 15 anni e oltre (migliaia)","9","totale","Y15-74","15-74 anni","2015","2015",570.214,,
"ITE","Centro","UNEMP","persone in cerca di occupazione 15 anni e oltre (migliaia)","9","totale","Y15-74","15-74 anni","2015-Q1","T1-2015",650.213,,
"ITE","Centro","UNEMP","persone in cerca di occupazione 15 anni e oltre (migliaia)","9","totale","Y15-74","15-74 anni","2015-Q2","T2-2015",577.043,,
"ITE","Centro","UNEMP","persone in cerca di occupazione 15 anni e oltre (migliaia)","9","totale","Y15-74","15-74 anni","2015-Q4","T4-2015",571.113,,
"ITE","Centro","UNEMP","persone in cerca di occupazione 15 anni e oltre (migliaia)","9","totale","Y15-74","15-74 anni","2015-Q3","T3-2015",482.488,,
"ITE","Centro","UNEMP","persone in cerca di occupazione 15 anni e oltre (migliaia)","9","totale","Y15-74","15-74 anni","2016","2016",559.363,,
"ITE","Centro","UNEMP","persone in cerca di occupazione 15 anni e oltre (migliaia)","9","totale","Y15-74","15-74 anni","2016-Q2","T2-2016",557.795,,
"ITE","Centro","UNEMP","persone in cerca di occupazione 15 anni e oltre (migliaia)","9","totale","Y15-74","15-74 anni","2016-Q1","T1-2016",570.089,,
"ITE","Centro","UNEMP","persone in cerca di occupazione 15 anni e oltre (migliaia)","9","totale","Y15-74","15-74 anni","2016-Q4","T4-2016",585.239,,
"ITE","Centro","UNEMP","persone in cerca di occupazione 15 anni e oltre (migliaia)","9","totale","Y15-74","15-74 anni","2016-Q3","T3-2016",524.329,,
"ITE","Centro","UNEMP","persone in cerca di occupazione 15 anni e oltre (migliaia)","9","totale","Y15-74","15-74 anni","2017","2017",538.136,,
"ITE","Centro","UNEMP","persone in cerca di occupazione 15 anni e oltre (migliaia)","9","totale","Y15-74","15-74 anni","2017-Q1","T1-2017",572.371,,
"ITE","Centro","UNEMP","persone in cerca di occupazione 15 anni e oltre (migliaia)","9","totale","Y15-74","15-74 anni","2017-Q2","T2-2017",520.298,,
"ITE","Centro","UNEMP","persone in cerca di occupazione 15 anni e oltre (migliaia)","9","totale","Y15-74","15-74 anni","2017-Q4","T4-2017",542.922,,
"ITE","Centro","UNEMP","persone in cerca di occupazione 15 anni e oltre (migliaia)","9","totale","Y15-74","15-74 anni","2017-Q3","T3-2017",516.954,,
"ITE","Centro","UNEMP","persone in cerca di occupazione 15 anni e oltre (migliaia)","9","totale","Y15-74","15-74 anni","2018","2018",505.343,,
"ITE","Centro","UNEMP","persone in cerca di occupazione 15 anni e oltre (migliaia)","9","totale","Y15-74","15-74 anni","2018-Q2","T2-2018",524.615,,
"ITE","Centro","UNEMP","persone in cerca di occupazione 15 anni e oltre (migliaia)","9","totale","Y15-74","15-74 anni","2018-Q1","T1-2018",544.306,,
"ITE","Centro","UNEMP","persone in cerca di occupazione 15 anni e oltre (migliaia)","9","totale","Y15-74","15-74 anni","2018-Q4","T4-2018",517.664,,
"ITE","Centro","UNEMP","persone in cerca di occupazione 15 anni e oltre (migliaia)","9","totale","Y15-74","15-74 anni","2018-Q3","T3-2018",434.784,,
"ITE","Centro","UNEMP","persone in cerca di occupazione 15 anni e oltre (migliaia)","9","totale","Y15-74","15-74 anni","2019","2019",462.269,,
"ITE","Centro","UNEMP","persone in cerca di occupazione 15 anni e oltre (migliaia)","9","totale","Y15-74","15-74 anni","2019-Q1","T1-2019",532.306,,
"ITE","Centro","UNEMP","persone in cerca di occupazione 15 anni e oltre (migliaia)","9","totale","Y15-74","15-74 anni","2019-Q2","T2-2019",477.602,,
"ITE","Centro","UNEMP","persone in cerca di occupazione 15 anni e oltre (migliaia)","9","totale","Y15-74","15-74 anni","2019-Q4","T4-2019",451.583,,
"ITE","Centro","UNEMP","persone in cerca di occupazione 15 anni e oltre (migliaia)","9","totale","Y15-74","15-74 anni","2019-Q3","T3-2019",387.587,,
"ITE","Centro","UNEMP","persone in cerca di occupazione 15 anni e oltre (migliaia)","9","totale","Y15-74","15-74 anni","2020","2020",425.455,,
"ITE","Centro","UNEMP","persone in cerca di occupazione 15 anni e oltre (migliaia)","9","totale","Y15-74","15-74 anni","2020-Q2","T2-2020",304.139,,
"ITE","Centro","UNEMP","persone in cerca di occupazione 15 anni e oltre (migliaia)","9","totale","Y15-74","15-74 anni","2020-Q1","T1-2020",447.868,,
"ITE","Centro","UNEMP","persone in cerca di occupazione 15 anni e oltre (migliaia)","9","totale","Y15-74","15-74 anni","2020-Q3","T3-2020",489.755,,
"ITE","Centro","UNEMP","persone in cerca di occupazione 15 anni e oltre (migliaia)","9","totale","Y15-74","15-74 anni","2020-Q4","T4-2020",460.056,,
"ITE","Centro","UNEMP","persone in cerca di occupazione 15 anni e oltre (migliaia)","9","totale","Y15-74","15-74 anni","2021","2021",449.094,,
"ITE","Centro","UNEMP","persone in cerca di occupazione 15 anni e oltre (migliaia)","9","totale","Y15-74","15-74 anni","2022","2022",367.106,,
"ITE","Centro","UNEMP","persone in cerca di occupazione 15 anni e oltre (migliaia)","9","totale","Y15-74","15-74 anni","2023","2023",330.457,,
"ITE","Centro","UNEMP","persone in cerca di occupazione 15 anni e oltre (migliaia)","9","totale","Y15-74","15-74 anni","2021-Q1","T1-2021",508.038,,
"ITE","Centro","UNEMP","persone in cerca di occupazione 15 anni e oltre (migliaia)","9","totale","Y15-74","15-74 anni","2021-Q2","T2-2021",433.374,,
"ITE","Centro","UNEMP","persone in cerca di occupazione 15 anni e oltre (migliaia)","9","totale","Y15-74","15-74 anni","2021-Q3","T3-2021",415.406,,
"ITE","Centro","UNEMP","persone in cerca di occupazione 15 anni e oltre (migliaia)","9","totale","Y15-74","15-74 anni","2021-Q4","T4-2021",439.558,,
"ITE","Centro","UNEMP","persone in cerca di occupazione 15 anni e oltre (migliaia)","9","totale","Y15-74","15-74 anni","2022-Q1","T1-2022",381.613,,
"ITE","Centro","UNEMP","persone in cerca di occupazione 15 anni e oltre (migliaia)","9","totale","Y15-74","15-74 anni","2022-Q2","T2-2022",369.846,,
"ITE","Centro","UNEMP","persone in cerca di occupazione 15 anni e oltre (migliaia)","9","totale","Y15-74","15-74 anni","2022-Q3","T3-2022",345.845,,
"ITE","Centro","UNEMP","persone in cerca di occupazione 15 anni e oltre (migliaia)","9","totale","Y15-74","15-74 anni","2022-Q4","T4-2022",371.122,,
"ITE","Centro","UNEMP","persone in cerca di occupazione 15 anni e oltre (migliaia)","9","totale","Y15-74","15-74 anni","2023-Q1","T1-2023",359.788,,
"ITE","Centro","UNEMP","persone in cerca di occupazione 15 anni e oltre (migliaia)","9","totale","Y15-74","15-74 anni","2023-Q2","T2-2023",320.381,,
"ITE","Centro","UNEMP","persone in cerca di occupazione 15 anni e oltre (migliaia)","9","totale","Y15-74","15-74 anni","2023-Q3","T3-2023",301.778,,
"ITE","Centro","UNEMP","persone in cerca di occupazione 15 anni e oltre (migliaia)","9","totale","Y15-74","15-74 anni","2023-Q4","T4-2023",339.882,,
"ITD","Nord-est","UNEMP","persone in cerca di occupazione 15 anni e oltre (migliaia)","9","totale","Y15-74","15-74 anni","2004","2004",197.284,,
"ITD","Nord-est","UNEMP","persone in cerca di occupazione 15 anni e oltre (migliaia)","9","totale","Y15-74","15-74 anni","2004-Q2","T2-2004",195.509,,
"ITD","Nord-est","UNEMP","persone in cerca di occupazione 15 anni e oltre (migliaia)","9","totale","Y15-74","15-74 anni","2004-Q1","T1-2004",203.317,,
"ITD","Nord-est","UNEMP","persone in cerca di occupazione 15 anni e oltre (migliaia)","9","totale","Y15-74","15-74 anni","2004-Q4","T4-2004",215.762,,
"ITD","Nord-est","UNEMP","persone in cerca di occupazione 15 anni e oltre (migliaia)","9","totale","Y15-74","15-74 anni","2004-Q3","T3-2004",174.548,,
"ITD","Nord-est","UNEMP","persone in cerca di occupazione 15 anni e oltre (migliaia)","9","totale","Y15-74","15-74 anni","2005","2005",203.282,,
"ITD","Nord-est","UNEMP","persone in cerca di occupazione 15 anni e oltre (migliaia)","9","totale","Y15-74","15-74 anni","2005-Q1","T1-2005",208.804,,
"ITD","Nord-est","UNEMP","persone in cerca di occupazione 15 anni e oltre (migliaia)","9","totale","Y15-74","15-74 anni","2005-Q2","T2-2005",173.404,,
"ITD","Nord-est","UNEMP","persone in cerca di occupazione 15 anni e oltre (migliaia)","9","totale","Y15-74","15-74 anni","2005-Q4","T4-2005",241.006,,
"ITD","Nord-est","UNEMP","persone in cerca di occupazione 15 anni e oltre (migliaia)","9","totale","Y15-74","15-74 anni","2005-Q3","T3-2005",189.914,,
"ITD","Nord-est","UNEMP","persone in cerca di occupazione 15 anni e oltre (migliaia)","9","totale","Y15-74","15-74 anni","2006","2006",187.229,,
"ITD","Nord-est","UNEMP","persone in cerca di occupazione 15 anni e oltre (migliaia)","9","totale","Y15-74","15-74 anni","2006-Q2","T2-2006",172.717,,
"ITD","Nord-est","UNEMP","persone in cerca di occupazione 15 anni e oltre (migliaia)","9","totale","Y15-74","15-74 anni","2006-Q1","T1-2006",196.13,,
"ITD","Nord-est","UNEMP","persone in cerca di occupazione 15 anni e oltre (migliaia)","9","totale","Y15-74","15-74 anni","2006-Q4","T4-2006",190.009,,
"ITD","Nord-est","UNEMP","persone in cerca di occupazione 15 anni e oltre (migliaia)","9","totale","Y15-74","15-74 anni","2006-Q3","T3-2006",190.059,,
"ITD","Nord-est","UNEMP","persone in cerca di occupazione 15 anni e oltre (migliaia)","9","totale","Y15-74","15-74 anni","2007","2007",161.488,,
"ITD","Nord-est","UNEMP","persone in cerca di occupazione 15 anni e oltre (migliaia)","9","totale","Y15-74","15-74 anni","2007-Q1","T1-2007",177.461,,
"ITD","Nord-est","UNEMP","persone in cerca di occupazione 15 anni e oltre (migliaia)","9","totale","Y15-74","15-74 anni","2007-Q2","T2-2007",148.64,,
"ITD","Nord-est","UNEMP","persone in cerca di occupazione 15 anni e oltre (migliaia)","9","totale","Y15-74","15-74 anni","2007-Q4","T4-2007",170.783,,
"ITD","Nord-est","UNEMP","persone in cerca di occupazione 15 anni e oltre (migliaia)","9","totale","Y15-74","15-74 anni","2007-Q3","T3-2007",149.066,,
"ITD","Nord-est","UNEMP","persone in cerca di occupazione 15 anni e oltre (migliaia)","9","totale","Y15-74","15-74 anni","2008","2008",176.763,,
"ITD","Nord-est","UNEMP","persone in cerca di occupazione 15 anni e oltre (migliaia)","9","totale","Y15-74","15-74 anni","2008-Q2","T2-2008",179.236,,
"ITD","Nord-est","UNEMP","persone in cerca di occupazione 15 anni e oltre (migliaia)","9","totale","Y15-74","15-74 anni","2008-Q1","T1-2008",197.77,,
"ITD","Nord-est","UNEMP","persone in cerca di occupazione 15 anni e oltre (migliaia)","9","totale","Y15-74","15-74 anni","2008-Q4","T4-2008",182.117,,
"ITD","Nord-est","UNEMP","persone in cerca di occupazione 15 anni e oltre (migliaia)","9","totale","Y15-74","15-74 anni","2008-Q3","T3-2008",147.93,,
"ITD","Nord-est","UNEMP","persone in cerca di occupazione 15 anni e oltre (migliaia)","9","totale","Y15-74","15-74 anni","2009","2009",243.787,,
"ITD","Nord-est","UNEMP","persone in cerca di occupazione 15 anni e oltre (migliaia)","9","totale","Y15-74","15-74 anni","2009-Q1","T1-2009",230.76,,
"ITD","Nord-est","UNEMP","persone in cerca di occupazione 15 anni e oltre (migliaia)","9","totale","Y15-74","15-74 anni","2009-Q2","T2-2009",240.151,,
"ITD","Nord-est","UNEMP","persone in cerca di occupazione 15 anni e oltre (migliaia)","9","totale","Y15-74","15-74 anni","2009-Q4","T4-2009",268.445,,
"ITD","Nord-est","UNEMP","persone in cerca di occupazione 15 anni e oltre (migliaia)","9","totale","Y15-74","15-74 anni","2009-Q3","T3-2009",235.791,,
"ITD","Nord-est","UNEMP","persone in cerca di occupazione 15 anni e oltre (migliaia)","9","totale","Y15-74","15-74 anni","2010","2010",289.79,,
"ITD","Nord-est","UNEMP","persone in cerca di occupazione 15 anni e oltre (migliaia)","9","totale","Y15-74","15-74 anni","2010-Q2","T2-2010",290.54,,
"ITD","Nord-est","UNEMP","persone in cerca di occupazione 15 anni e oltre (migliaia)","9","totale","Y15-74","15-74 anni","2010-Q1","T1-2010",307.904,,
"ITD","Nord-est","UNEMP","persone in cerca di occupazione 15 anni e oltre (migliaia)","9","totale","Y15-74","15-74 anni","2010-Q4","T4-2010",311.203,,
"ITD","Nord-est","UNEMP","persone in cerca di occupazione 15 anni e oltre (migliaia)","9","totale","Y15-74","15-74 anni","2010-Q3","T3-2010",249.512,,
"ITD","Nord-est","UNEMP","persone in cerca di occupazione 15 anni e oltre (migliaia)","9","totale","Y15-74","15-74 anni","2011","2011",264.653,,
"ITD","Nord-est","UNEMP","persone in cerca di occupazione 15 anni e oltre (migliaia)","9","totale","Y15-74","15-74 anni","2011-Q1","T1-2011",277.151,,
"ITD","Nord-est","UNEMP","persone in cerca di occupazione 15 anni e oltre (migliaia)","9","totale","Y15-74","15-74 anni","2011-Q2","T2-2011",234.543,,
"ITD","Nord-est","UNEMP","persone in cerca di occupazione 15 anni e oltre (migliaia)","9","totale","Y15-74","15-74 anni","2011-Q4","T4-2011",322.052,,
"ITD","Nord-est","UNEMP","persone in cerca di occupazione 15 anni e oltre (migliaia)","9","totale","Y15-74","15-74 anni","2011-Q3","T3-2011",224.867,,
"ITD","Nord-est","UNEMP","persone in cerca di occupazione 15 anni e oltre (migliaia)","9","totale","Y15-74","15-74 anni","2012","2012",354.425,,
"ITD","Nord-est","UNEMP","persone in cerca di occupazione 15 anni e oltre (migliaia)","9","totale","Y15-74","15-74 anni","2012-Q2","T2-2012",348.221,,
"ITD","Nord-est","UNEMP","persone in cerca di occupazione 15 anni e oltre (migliaia)","9","totale","Y15-74","15-74 anni","2012-Q1","T1-2012",347.507,,
"ITD","Nord-est","UNEMP","persone in cerca di occupazione 15 anni e oltre (migliaia)","9","totale","Y15-74","15-74 anni","2012-Q4","T4-2012",390.136,,
"ITD","Nord-est","UNEMP","persone in cerca di occupazione 15 anni e oltre (migliaia)","9","totale","Y15-74","15-74 anni","2012-Q3","T3-2012",331.837,,
"ITD","Nord-est","UNEMP","persone in cerca di occupazione 15 anni e oltre (migliaia)","9","totale","Y15-74","15-74 anni","2013","2013",413.496,,
"ITD","Nord-est","UNEMP","persone in cerca di occupazione 15 anni e oltre (migliaia)","9","totale","Y15-74","15-74 anni","2013-Q1","T1-2013",464.179,,
"ITD","Nord-est","UNEMP","persone in cerca di occupazione 15 anni e oltre (migliaia)","9","totale","Y15-74","15-74 anni","2013-Q2","T2-2013",390.824,,
"ITD","Nord-est","UNEMP","persone in cerca di occupazione 15 anni e oltre (migliaia)","9","totale","Y15-74","15-74 anni","2013-Q4","T4-2013",438.725,,
"ITD","Nord-est","UNEMP","persone in cerca di occupazione 15 anni e oltre (migliaia)","9","totale","Y15-74","15-74 anni","2013-Q3","T3-2013",360.255,,
"ITD","Nord-est","UNEMP","persone in cerca di occupazione 15 anni e oltre (migliaia)","9","totale","Y15-74","15-74 anni","2014","2014",411.789,,
"ITD","Nord-est","UNEMP","persone in cerca di occupazione 15 anni e oltre (migliaia)","9","totale","Y15-74","15-74 anni","2014-Q2","T2-2014",382.616,,
"ITD","Nord-est","UNEMP","persone in cerca di occupazione 15 anni e oltre (migliaia)","9","totale","Y15-74","15-74 anni","2014-Q1","T1-2014",466.991,,
"ITD","Nord-est","UNEMP","persone in cerca di occupazione 15 anni e oltre (migliaia)","9","totale","Y15-74","15-74 anni","2014-Q4","T4-2014",436.702,,
"ITD","Nord-est","UNEMP","persone in cerca di occupazione 15 anni e oltre (migliaia)","9","totale","Y15-74","15-74 anni","2014-Q3","T3-2014",360.845,,
"ITD","Nord-est","UNEMP","persone in cerca di occupazione 15 anni e oltre (migliaia)","9","totale","Y15-74","15-74 anni","2015","2015",384.939,,
"ITD","Nord-est","UNEMP","persone in cerca di occupazione 15 anni e oltre (migliaia)","9","totale","Y15-74","15-74 anni","2015-Q1","T1-2015",424.637,,
"ITD","Nord-est","UNEMP","persone in cerca di occupazione 15 anni e oltre (migliaia)","9","totale","Y15-74","15-74 anni","2015-Q2","T2-2015",376.734,,
"ITD","Nord-est","UNEMP","persone in cerca di occupazione 15 anni e oltre (migliaia)","9","totale","Y15-74","15-74 anni","2015-Q4","T4-2015",385.61,,
"ITD","Nord-est","UNEMP","persone in cerca di occupazione 15 anni e oltre (migliaia)","9","totale","Y15-74","15-74 anni","2015-Q3","T3-2015",352.772,,
"ITD","Nord-est","UNEMP","persone in cerca di occupazione 15 anni e oltre (migliaia)","9","totale","Y15-74","15-74 anni","2016","2016",361.242,,
"ITD","Nord-est","UNEMP","persone in cerca di occupazione 15 anni e oltre (migliaia)","9","totale","Y15-74","15-74 anni","2016-Q2","T2-2016",368.187,,
"ITD","Nord-est","UNEMP","persone in cerca di occupazione 15 anni e oltre (migliaia)","9","totale","Y15-74","15-74 anni","2016-Q1","T1-2016",389.077,,
"ITD","Nord-est","UNEMP","persone in cerca di occupazione 15 anni e oltre (migliaia)","9","totale","Y15-74","15-74 anni","2016-Q4","T4-2016",357.179,,
"ITD","Nord-est","UNEMP","persone in cerca di occupazione 15 anni e oltre (migliaia)","9","totale","Y15-74","15-74 anni","2016-Q3","T3-2016",330.526,,
"ITD","Nord-est","UNEMP","persone in cerca di occupazione 15 anni e oltre (migliaia)","9","totale","Y15-74","15-74 anni","2017","2017",336.226,,
"ITD","Nord-est","UNEMP","persone in cerca di occupazione 15 anni e oltre (migliaia)","9","totale","Y15-74","15-74 anni","2017-Q1","T1-2017",359.136,,
"ITD","Nord-est","UNEMP","persone in cerca di occupazione 15 anni e oltre (migliaia)","9","totale","Y15-74","15-74 anni","2017-Q2","T2-2017",313.076,,
"ITD","Nord-est","UNEMP","persone in cerca di occupazione 15 anni e oltre (migliaia)","9","totale","Y15-74","15-74 anni","2017-Q4","T4-2017",354.608,,
"ITD","Nord-est","UNEMP","persone in cerca di occupazione 15 anni e oltre (migliaia)","9","totale","Y15-74","15-74 anni","2017-Q3","T3-2017",318.082,,
"ITD","Nord-est","UNEMP","persone in cerca di occupazione 15 anni e oltre (migliaia)","9","totale","Y15-74","15-74 anni","2018","2018",324.694,,
"ITD","Nord-est","UNEMP","persone in cerca di occupazione 15 anni e oltre (migliaia)","9","totale","Y15-74","15-74 anni","2018-Q2","T2-2018",311.426,,
"ITD","Nord-est","UNEMP","persone in cerca di occupazione 15 anni e oltre (migliaia)","9","totale","Y15-74","15-74 anni","2018-Q1","T1-2018",352.72,,
"ITD","Nord-est","UNEMP","persone in cerca di occupazione 15 anni e oltre (migliaia)","9","totale","Y15-74","15-74 anni","2018-Q4","T4-2018",364.364,,
"ITD","Nord-est","UNEMP","persone in cerca di occupazione 15 anni e oltre (migliaia)","9","totale","Y15-74","15-74 anni","2018-Q3","T3-2018",270.267,,
"ITD","Nord-est","UNEMP","persone in cerca di occupazione 15 anni e oltre (migliaia)","9","totale","Y15-74","15-74 anni","2019","2019",299.379,,
"ITD","Nord-est","UNEMP","persone in cerca di occupazione 15 anni e oltre (migliaia)","9","totale","Y15-74","15-74 anni","2019-Q1","T1-2019",327.334,,
"ITD","Nord-est","UNEMP","persone in cerca di occupazione 15 anni e oltre (migliaia)","9","totale","Y15-74","15-74 anni","2019-Q2","T2-2019",286.504,,
"ITD","Nord-est","UNEMP","persone in cerca di occupazione 15 anni e oltre (migliaia)","9","totale","Y15-74","15-74 anni","2019-Q4","T4-2019",307.374,,
"ITD","Nord-est","UNEMP","persone in cerca di occupazione 15 anni e oltre (migliaia)","9","totale","Y15-74","15-74 anni","2019-Q3","T3-2019",276.304,,
"ITD","Nord-est","UNEMP","persone in cerca di occupazione 15 anni e oltre (migliaia)","9","totale","Y15-74","15-74 anni","2020","2020",306.146,,
"ITD","Nord-est","UNEMP","persone in cerca di occupazione 15 anni e oltre (migliaia)","9","totale","Y15-74","15-74 anni","2020-Q2","T2-2020",252.237,,
"ITD","Nord-est","UNEMP","persone in cerca di occupazione 15 anni e oltre (migliaia)","9","totale","Y15-74","15-74 anni","2020-Q1","T1-2020",289.083,,
"ITD","Nord-est","UNEMP","persone in cerca di occupazione 15 anni e oltre (migliaia)","9","totale","Y15-74","15-74 anni","2020-Q3","T3-2020",347.044,,
"ITD","Nord-est","UNEMP","persone in cerca di occupazione 15 anni e oltre (migliaia)","9","totale","Y15-74","15-74 anni","2020-Q4","T4-2020",336.22,,
"ITD","Nord-est","UNEMP","persone in cerca di occupazione 15 anni e oltre (migliaia)","9","totale","Y15-74","15-74 anni","2021","2021",281.929,,
"ITD","Nord-est","UNEMP","persone in cerca di occupazione 15 anni e oltre (migliaia)","9","totale","Y15-74","15-74 anni","2022","2022",244.139,,
"ITD","Nord-est","UNEMP","persone in cerca di occupazione 15 anni e oltre (migliaia)","9","totale","Y15-74","15-74 anni","2023","2023",242.449,,
"ITD","Nord-est","UNEMP","persone in cerca di occupazione 15 anni e oltre (migliaia)","9","totale","Y15-74","15-74 anni","2021-Q1","T1-2021",304.606,,
"ITD","Nord-est","UNEMP","persone in cerca di occupazione 15 anni e oltre (migliaia)","9","totale","Y15-74","15-74 anni","2021-Q2","T2-2021",277.272,,
"ITD","Nord-est","UNEMP","persone in cerca di occupazione 15 anni e oltre (migliaia)","9","totale","Y15-74","15-74 anni","2021-Q3","T3-2021",255.321,,
"ITD","Nord-est","UNEMP","persone in cerca di occupazione 15 anni e oltre (migliaia)","9","totale","Y15-74","15-74 anni","2021-Q4","T4-2021",290.515,,
"ITD","Nord-est","UNEMP","persone in cerca di occupazione 15 anni e oltre (migliaia)","9","totale","Y15-74","15-74 anni","2022-Q1","T1-2022",276.488,,
"ITD","Nord-est","UNEMP","persone in cerca di occupazione 15 anni e oltre (migliaia)","9","totale","Y15-74","15-74 anni","2022-Q2","T2-2022",226.725,,
"ITD","Nord-est","UNEMP","persone in cerca di occupazione 15 anni e oltre (migliaia)","9","totale","Y15-74","15-74 anni","2022-Q3","T3-2022",236.71,,
"ITD","Nord-est","UNEMP","persone in cerca di occupazione 15 anni e oltre (migliaia)","9","totale","Y15-74","15-74 anni","2022-Q4","T4-2022",236.632,,
"ITD","Nord-est","UNEMP","persone in cerca di occupazione 15 anni e oltre (migliaia)","9","totale","Y15-74","15-74 anni","2023-Q1","T1-2023",251.505,,
"ITD","Nord-est","UNEMP","persone in cerca di occupazione 15 anni e oltre (migliaia)","9","totale","Y15-74","15-74 anni","2023-Q2","T2-2023",238.234,,
"ITD","Nord-est","UNEMP","persone in cerca di occupazione 15 anni e oltre (migliaia)","9","totale","Y15-74","15-74 anni","2023-Q3","T3-2023",248.041,,
"ITD","Nord-est","UNEMP","persone in cerca di occupazione 15 anni e oltre (migliaia)","9","totale","Y15-74","15-74 anni","2023-Q4","T4-2023",232.016,,
"ITCD","Nord","UNEMP","persone in cerca di occupazione 15 anni e oltre (migliaia)","9","totale","Y15-74","15-74 anni","2004","2004",514.782,,
"ITCD","Nord","UNEMP","persone in cerca di occupazione 15 anni e oltre (migliaia)","9","totale","Y15-74","15-74 anni","2004-Q2","T2-2004",497.425,,
"ITCD","Nord","UNEMP","persone in cerca di occupazione 15 anni e oltre (migliaia)","9","totale","Y15-74","15-74 anni","2004-Q1","T1-2004",526.735,,
"ITCD","Nord","UNEMP","persone in cerca di occupazione 15 anni e oltre (migliaia)","9","totale","Y15-74","15-74 anni","2004-Q4","T4-2004",546.878,,
"ITCD","Nord","UNEMP","persone in cerca di occupazione 15 anni e oltre (migliaia)","9","totale","Y15-74","15-74 anni","2004-Q3","T3-2004",488.092,,
"ITCD","Nord","UNEMP","persone in cerca di occupazione 15 anni e oltre (migliaia)","9","totale","Y15-74","15-74 anni","2005","2005",511.908,,
"ITCD","Nord","UNEMP","persone in cerca di occupazione 15 anni e oltre (migliaia)","9","totale","Y15-74","15-74 anni","2005-Q1","T1-2005",524.572,,
"ITCD","Nord","UNEMP","persone in cerca di occupazione 15 anni e oltre (migliaia)","9","totale","Y15-74","15-74 anni","2005-Q2","T2-2005",469.916,,
"ITCD","Nord","UNEMP","persone in cerca di occupazione 15 anni e oltre (migliaia)","9","totale","Y15-74","15-74 anni","2005-Q4","T4-2005",582.911,,
"ITCD","Nord","UNEMP","persone in cerca di occupazione 15 anni e oltre (migliaia)","9","totale","Y15-74","15-74 anni","2005-Q3","T3-2005",470.234,,
"ITCD","Nord","UNEMP","persone in cerca di occupazione 15 anni e oltre (migliaia)","9","totale","Y15-74","15-74 anni","2006","2006",461.679,,
"ITCD","Nord","UNEMP","persone in cerca di occupazione 15 anni e oltre (migliaia)","9","totale","Y15-74","15-74 anni","2006-Q2","T2-2006",421.915,,
"ITCD","Nord","UNEMP","persone in cerca di occupazione 15 anni e oltre (migliaia)","9","totale","Y15-74","15-74 anni","2006-Q1","T1-2006",502.369,,
"ITCD","Nord","UNEMP","persone in cerca di occupazione 15 anni e oltre (migliaia)","9","totale","Y15-74","15-74 anni","2006-Q4","T4-2006",488.804,,
"ITCD","Nord","UNEMP","persone in cerca di occupazione 15 anni e oltre (migliaia)","9","totale","Y15-74","15-74 anni","2006-Q3","T3-2006",433.627,,
"ITCD","Nord","UNEMP","persone in cerca di occupazione 15 anni e oltre (migliaia)","9","totale","Y15-74","15-74 anni","2007","2007",425.423,,
"ITCD","Nord","UNEMP","persone in cerca di occupazione 15 anni e oltre (migliaia)","9","totale","Y15-74","15-74 anni","2007-Q1","T1-2007",453.367,,
"ITCD","Nord","UNEMP","persone in cerca di occupazione 15 anni e oltre (migliaia)","9","totale","Y15-74","15-74 anni","2007-Q2","T2-2007",382.14,,
"ITCD","Nord","UNEMP","persone in cerca di occupazione 15 anni e oltre (migliaia)","9","totale","Y15-74","15-74 anni","2007-Q4","T4-2007",468.19,,
"ITCD","Nord","UNEMP","persone in cerca di occupazione 15 anni e oltre (migliaia)","9","totale","Y15-74","15-74 anni","2007-Q3","T3-2007",397.993,,
"ITCD","Nord","UNEMP","persone in cerca di occupazione 15 anni e oltre (migliaia)","9","totale","Y15-74","15-74 anni","2008","2008",478.456,,
"ITCD","Nord","UNEMP","persone in cerca di occupazione 15 anni e oltre (migliaia)","9","totale","Y15-74","15-74 anni","2008-Q2","T2-2008",472.949,,
"ITCD","Nord","UNEMP","persone in cerca di occupazione 15 anni e oltre (migliaia)","9","totale","Y15-74","15-74 anni","2008-Q1","T1-2008",490.998,,
"ITCD","Nord","UNEMP","persone in cerca di occupazione 15 anni e oltre (migliaia)","9","totale","Y15-74","15-74 anni","2008-Q4","T4-2008",534.872,,
"ITCD","Nord","UNEMP","persone in cerca di occupazione 15 anni e oltre (migliaia)","9","totale","Y15-74","15-74 anni","2008-Q3","T3-2008",415.004,,
"ITCD","Nord","UNEMP","persone in cerca di occupazione 15 anni e oltre (migliaia)","9","totale","Y15-74","15-74 anni","2009","2009",659.205,,
"ITCD","Nord","UNEMP","persone in cerca di occupazione 15 anni e oltre (migliaia)","9","totale","Y15-74","15-74 anni","2009-Q1","T1-2009",628.959,,
"ITCD","Nord","UNEMP","persone in cerca di occupazione 15 anni e oltre (migliaia)","9","totale","Y15-74","15-74 anni","2009-Q2","T2-2009",624.373,,
"ITCD","Nord","UNEMP","persone in cerca di occupazione 15 anni e oltre (migliaia)","9","totale","Y15-74","15-74 anni","2009-Q4","T4-2009",753.857,,
"ITCD","Nord","UNEMP","persone in cerca di occupazione 15 anni e oltre (migliaia)","9","totale","Y15-74","15-74 anni","2009-Q3","T3-2009",629.63,,
"ITCD","Nord","UNEMP","persone in cerca di occupazione 15 anni e oltre (migliaia)","9","totale","Y15-74","15-74 anni","2010","2010",735.95,,
"ITCD","Nord","UNEMP","persone in cerca di occupazione 15 anni e oltre (migliaia)","9","totale","Y15-74","15-74 anni","2010-Q2","T2-2010",738.181,,
"ITCD","Nord","UNEMP","persone in cerca di occupazione 15 anni e oltre (migliaia)","9","totale","Y15-74","15-74 anni","2010-Q1","T1-2010",801.26,,
"ITCD","Nord","UNEMP","persone in cerca di occupazione 15 anni e oltre (migliaia)","9","totale","Y15-74","15-74 anni","2010-Q4","T4-2010",764.809,,
"ITCD","Nord","UNEMP","persone in cerca di occupazione 15 anni e oltre (migliaia)","9","totale","Y15-74","15-74 anni","2010-Q3","T3-2010",639.548,,
"ITCD","Nord","UNEMP","persone in cerca di occupazione 15 anni e oltre (migliaia)","9","totale","Y15-74","15-74 anni","2011","2011",718.69,,
"ITCD","Nord","UNEMP","persone in cerca di occupazione 15 anni e oltre (migliaia)","9","totale","Y15-74","15-74 anni","2011-Q1","T1-2011",747.044,,
"ITCD","Nord","UNEMP","persone in cerca di occupazione 15 anni e oltre (migliaia)","9","totale","Y15-74","15-74 anni","2011-Q2","T2-2011",640.963,,
"ITCD","Nord","UNEMP","persone in cerca di occupazione 15 anni e oltre (migliaia)","9","totale","Y15-74","15-74 anni","2011-Q4","T4-2011",848.838,,
"ITCD","Nord","UNEMP","persone in cerca di occupazione 15 anni e oltre (migliaia)","9","totale","Y15-74","15-74 anni","2011-Q3","T3-2011",637.917,,
"ITCD","Nord","UNEMP","persone in cerca di occupazione 15 anni e oltre (migliaia)","9","totale","Y15-74","15-74 anni","2012","2012",938.568,,
"ITCD","Nord","UNEMP","persone in cerca di occupazione 15 anni e oltre (migliaia)","9","totale","Y15-74","15-74 anni","2012-Q2","T2-2012",928.051,,
"ITCD","Nord","UNEMP","persone in cerca di occupazione 15 anni e oltre (migliaia)","9","totale","Y15-74","15-74 anni","2012-Q1","T1-2012",952.154,,
"ITCD","Nord","UNEMP","persone in cerca di occupazione 15 anni e oltre (migliaia)","9","totale","Y15-74","15-74 anni","2012-Q4","T4-2012",1009.114,,
"ITCD","Nord","UNEMP","persone in cerca di occupazione 15 anni e oltre (migliaia)","9","totale","Y15-74","15-74 anni","2012-Q3","T3-2012",864.951,,
"ITCD","Nord","UNEMP","persone in cerca di occupazione 15 anni e oltre (migliaia)","9","totale","Y15-74","15-74 anni","2013","2013",1065.783,,
"ITCD","Nord","UNEMP","persone in cerca di occupazione 15 anni e oltre (migliaia)","9","totale","Y15-74","15-74 anni","2013-Q1","T1-2013",1168.117,,
"ITCD","Nord","UNEMP","persone in cerca di occupazione 15 anni e oltre (migliaia)","9","totale","Y15-74","15-74 anni","2013-Q2","T2-2013",1024.336,,
"ITCD","Nord","UNEMP","persone in cerca di occupazione 15 anni e oltre (migliaia)","9","totale","Y15-74","15-74 anni","2013-Q4","T4-2013",1122.053,,
"ITCD","Nord","UNEMP","persone in cerca di occupazione 15 anni e oltre (migliaia)","9","totale","Y15-74","15-74 anni","2013-Q3","T3-2013",948.625,,
"ITCD","Nord","UNEMP","persone in cerca di occupazione 15 anni e oltre (migliaia)","9","totale","Y15-74","15-74 anni","2014","2014",1092.983,,
"ITCD","Nord","UNEMP","persone in cerca di occupazione 15 anni e oltre (migliaia)","9","totale","Y15-74","15-74 anni","2014-Q2","T2-2014",1049.973,,
"ITCD","Nord","UNEMP","persone in cerca di occupazione 15 anni e oltre (migliaia)","9","totale","Y15-74","15-74 anni","2014-Q1","T1-2014",1195.166,,
"ITCD","Nord","UNEMP","persone in cerca di occupazione 15 anni e oltre (migliaia)","9","totale","Y15-74","15-74 anni","2014-Q4","T4-2014",1151.376,,
"ITCD","Nord","UNEMP","persone in cerca di occupazione 15 anni e oltre (migliaia)","9","totale","Y15-74","15-74 anni","2014-Q3","T3-2014",975.416,,
"ITCD","Nord","UNEMP","persone in cerca di occupazione 15 anni e oltre (migliaia)","9","totale","Y15-74","15-74 anni","2015","2015",1017.292,,
"ITCD","Nord","UNEMP","persone in cerca di occupazione 15 anni e oltre (migliaia)","9","totale","Y15-74","15-74 anni","2015-Q1","T1-2015",1132.862,,
"ITCD","Nord","UNEMP","persone in cerca di occupazione 15 anni e oltre (migliaia)","9","totale","Y15-74","15-74 anni","2015-Q2","T2-2015",1004.56,,
"ITCD","Nord","UNEMP","persone in cerca di occupazione 15 anni e oltre (migliaia)","9","totale","Y15-74","15-74 anni","2015-Q4","T4-2015",1035.374,,
"ITCD","Nord","UNEMP","persone in cerca di occupazione 15 anni e oltre (migliaia)","9","totale","Y15-74","15-74 anni","2015-Q3","T3-2015",896.373,,
"ITCD","Nord","UNEMP","persone in cerca di occupazione 15 anni e oltre (migliaia)","9","totale","Y15-74","15-74 anni","2016","2016",957.616,,
"ITCD","Nord","UNEMP","persone in cerca di occupazione 15 anni e oltre (migliaia)","9","totale","Y15-74","15-74 anni","2016-Q2","T2-2016",948.787,,
"ITCD","Nord","UNEMP","persone in cerca di occupazione 15 anni e oltre (migliaia)","9","totale","Y15-74","15-74 anni","2016-Q1","T1-2016",1016.442,,
"ITCD","Nord","UNEMP","persone in cerca di occupazione 15 anni e oltre (migliaia)","9","totale","Y15-74","15-74 anni","2016-Q4","T4-2016",1004.843,,
"ITCD","Nord","UNEMP","persone in cerca di occupazione 15 anni e oltre (migliaia)","9","totale","Y15-74","15-74 anni","2016-Q3","T3-2016",860.39,,
"ITCD","Nord","UNEMP","persone in cerca di occupazione 15 anni e oltre (migliaia)","9","totale","Y15-74","15-74 anni","2017","2017",880.811,,
"ITCD","Nord","UNEMP","persone in cerca di occupazione 15 anni e oltre (migliaia)","9","totale","Y15-74","15-74 anni","2017-Q1","T1-2017",963.741,,
"ITCD","Nord","UNEMP","persone in cerca di occupazione 15 anni e oltre (migliaia)","9","totale","Y15-74","15-74 anni","2017-Q2","T2-2017",837.249,,
"ITCD","Nord","UNEMP","persone in cerca di occupazione 15 anni e oltre (migliaia)","9","totale","Y15-74","15-74 anni","2017-Q4","T4-2017",884.313,,
"ITCD","Nord","UNEMP","persone in cerca di occupazione 15 anni e oltre (migliaia)","9","totale","Y15-74","15-74 anni","2017-Q3","T3-2017",837.943,,
"ITCD","Nord","UNEMP","persone in cerca di occupazione 15 anni e oltre (migliaia)","9","totale","Y15-74","15-74 anni","2018","2018",837.355,,
"ITCD","Nord","UNEMP","persone in cerca di occupazione 15 anni e oltre (migliaia)","9","totale","Y15-74","15-74 anni","2018-Q2","T2-2018",844.921,,
"ITCD","Nord","UNEMP","persone in cerca di occupazione 15 anni e oltre (migliaia)","9","totale","Y15-74","15-74 anni","2018-Q1","T1-2018",901.557,,
"ITCD","Nord","UNEMP","persone in cerca di occupazione 15 anni e oltre (migliaia)","9","totale","Y15-74","15-74 anni","2018-Q4","T4-2018",883.233,,
"ITCD","Nord","UNEMP","persone in cerca di occupazione 15 anni e oltre (migliaia)","9","totale","Y15-74","15-74 anni","2018-Q3","T3-2018",719.709,,
"ITCD","Nord","UNEMP","persone in cerca di occupazione 15 anni e oltre (migliaia)","9","totale","Y15-74","15-74 anni","2019","2019",779.962,,
"ITCD","Nord","UNEMP","persone in cerca di occupazione 15 anni e oltre (migliaia)","9","totale","Y15-74","15-74 anni","2019-Q1","T1-2019",871.714,,
"ITCD","Nord","UNEMP","persone in cerca di occupazione 15 anni e oltre (migliaia)","9","totale","Y15-74","15-74 anni","2019-Q2","T2-2019",733.261,,
"ITCD","Nord","UNEMP","persone in cerca di occupazione 15 anni e oltre (migliaia)","9","totale","Y15-74","15-74 anni","2019-Q4","T4-2019",790.758,,
"ITCD","Nord","UNEMP","persone in cerca di occupazione 15 anni e oltre (migliaia)","9","totale","Y15-74","15-74 anni","2019-Q3","T3-2019",724.115,,
"ITCD","Nord","UNEMP","persone in cerca di occupazione 15 anni e oltre (migliaia)","9","totale","Y15-74","15-74 anni","2020","2020",741.989,,
"ITCD","Nord","UNEMP","persone in cerca di occupazione 15 anni e oltre (migliaia)","9","totale","Y15-74","15-74 anni","2020-Q2","T2-2020",614.104,,
"ITCD","Nord","UNEMP","persone in cerca di occupazione 15 anni e oltre (migliaia)","9","totale","Y15-74","15-74 anni","2020-Q1","T1-2020",721.203,,
"ITCD","Nord","UNEMP","persone in cerca di occupazione 15 anni e oltre (migliaia)","9","totale","Y15-74","15-74 anni","2020-Q3","T3-2020",837.651,,
"ITCD","Nord","UNEMP","persone in cerca di occupazione 15 anni e oltre (migliaia)","9","totale","Y15-74","15-74 anni","2020-Q4","T4-2020",794.998,,
"ITCD","Nord","UNEMP","persone in cerca di occupazione 15 anni e oltre (migliaia)","9","totale","Y15-74","15-74 anni","2021","2021",748.949,,
"ITCD","Nord","UNEMP","persone in cerca di occupazione 15 anni e oltre (migliaia)","9","totale","Y15-74","15-74 anni","2022","2022",641.917,,
"ITCD","Nord","UNEMP","persone in cerca di occupazione 15 anni e oltre (migliaia)","9","totale","Y15-74","15-74 anni","2023","2023",591.934,,
"ITCD","Nord","UNEMP","persone in cerca di occupazione 15 anni e oltre (migliaia)","9","totale","Y15-74","15-74 anni","2021-Q1","T1-2021",838.001,,
"ITCD","Nord","UNEMP","persone in cerca di occupazione 15 anni e oltre (migliaia)","9","totale","Y15-74","15-74 anni","2021-Q2","T2-2021",754.196,,
"ITCD","Nord","UNEMP","persone in cerca di occupazione 15 anni e oltre (migliaia)","9","totale","Y15-74","15-74 anni","2021-Q3","T3-2021",674.713,,
"ITCD","Nord","UNEMP","persone in cerca di occupazione 15 anni e oltre (migliaia)","9","totale","Y15-74","15-74 anni","2021-Q4","T4-2021",728.885,,
"ITCD","Nord","UNEMP","persone in cerca di occupazione 15 anni e oltre (migliaia)","9","totale","Y15-74","15-74 anni","2022-Q1","T1-2022",721.073,,
"ITCD","Nord","UNEMP","persone in cerca di occupazione 15 anni e oltre (migliaia)","9","totale","Y15-74","15-74 anni","2022-Q2","T2-2022",634.648,,
"ITCD","Nord","UNEMP","persone in cerca di occupazione 15 anni e oltre (migliaia)","9","totale","Y15-74","15-74 anni","2022-Q3","T3-2022",609.509,,
"ITCD","Nord","UNEMP","persone in cerca di occupazione 15 anni e oltre (migliaia)","9","totale","Y15-74","15-74 anni","2022-Q4","T4-2022",602.441,,
"ITCD","Nord","UNEMP","persone in cerca di occupazione 15 anni e oltre (migliaia)","9","totale","Y15-74","15-74 anni","2023-Q1","T1-2023",623.492,,
"ITCD","Nord","UNEMP","persone in cerca di occupazione 15 anni e oltre (migliaia)","9","totale","Y15-74","15-74 anni","2023-Q2","T2-2023",598.411,,
"ITCD","Nord","UNEMP","persone in cerca di occupazione 15 anni e oltre (migliaia)","9","totale","Y15-74","15-74 anni","2023-Q3","T3-2023",568.816,,
"ITCD","Nord","UNEMP","persone in cerca di occupazione 15 anni e oltre (migliaia)","9","totale","Y15-74","15-74 anni","2023-Q4","T4-2023",577.016,,
